-- More information about NO NULL
-- More information about INDEX
DROP TABLE IF EXISTS savedArticle;
DROP TABLE IF EXISTS articleCategory;
DROP TABLE IF EXISTS category;
DROP TABLE IF EXISTS article;
DROP TABLE IF EXISTS profile;

CREATE TABLE article (
    articleId BINARY(16) NOT NULL,
    articleEnglishTitle VARCHAR(255),
    articleEnglishDate DATETIME (6),
    articleEnglishImageUrl VARCHAR (255),
    articleEnglishImageAlt VARCHAR (128),
    articleMyHealthFinderId VARCHAR(64),
    articleEnglishUrl VARCHAR (255) NOT NULL,
    articleSpanishTitle VARCHAR(255),
    articleSpanishDate DATETIME (6),
    articleSpanishImageUrl VARCHAR (255),
    articleSpanishImageAlt VARCHAR (128) NOT NULL,
    articleSpanishUrl VARCHAR (255),
    PRIMARY KEY (articleId)
);

CREATE TABLE category (
    categoryId BINARY(16) NOT NULL,
    categoryEnglishName VARCHAR(255),
    categorySpanishName VARCHAR(255),
    PRIMARY KEY (categoryId)
);

CREATE TABLE profile (
    profileId BINARY(16) NOT NULL,
    profileActivationToken CHAR(97),
    profileEmailAddress VARCHAR (128) NOT NULL,
    profileFirstName VARCHAR (128) NOT NULL,
    profileHash CHAR(97) NOT NULL,
    profileImage VARCHAR(255),
    profileLastName VARCHAR (128) NOT NULL,
    profileLanguage CHAR (7) NOT NULL,
    UNIQUE(profileEmailAddress),
    PRIMARY KEY (profileId)
);

CREATE TABLE articleCategory (
   articleCategoryArticleId BINARY(16) NOT NULL,
   articleCategoryCategoryId BINARY(16) NOT NULL,
   INDEX (articleCategoryArticleId),
   INDEX (articleCategoryCategoryId),
   FOREIGN KEY(articleCategoryArticleId)  REFERENCES article(articleId),
   FOREIGN KEY(articleCategoryCategoryId) REFERENCES category(categoryId),
   PRIMARY KEY (articleCategoryArticleId, articleCategoryCategoryId)
);

CREATE TABLE savedArticle (
    savedArticleArticleId BINARY(16) NOT NULL,
    savedArticleProfileId BINARY(16) NOT NULL,
    INDEX (savedArticleArticleId),
    INDEX (savedArticleProfileId),
    FOREIGN KEY(savedArticleArticleId) REFERENCES article(articleId),
    FOREIGN KEY(savedArticleProfileId) REFERENCES profile(profileId),
    PRIMARY KEY(savedArticleProfileId, savedArticleArticleId)
);

insert into saluduo.article (articleId, articleEnglishTitle, articleEnglishDate, articleEnglishImageUrl, articleEnglishImageAlt, articleMyHealthFinderId, articleEnglishUrl, articleSpanishTitle, articleSpanishDate, articleSpanishImageUrl, articleSpanishImageAlt, articleSpanishUrl)
values  (0xA73758D0867511EBB23D8BC6AF6BD43A, 'Get Tested for Breast Cancer', '2019-09-30 15:27:08', 'https://health.gov/sites/default/files//styles/myhf_topics_header_image/public/2020-01/gtfbc.jpg', 'get-tested-for-breast-cancer', '514', 'https://health.gov/myhealthfinder/topics/health-conditions/cancer/get-tested-breast-cancer', 'Hazte la prueba para detectar el cáncer de seno', '2019-09-30 15:27:08', 'https://health.gov/sites/default/files//styles/myhf_topics_header_image/public/2020-01/gtfbc.jpg', 'Hazte-la-prueba-para-detectar-el-cáncer-de-seno', 'https://health.gov/espanol/myhealthfinder/temas/enfermedades-problemas-salud/cancer/hazte-prueba-detectar-cancer-seno'),
        (0xA73D4C40867511EBB23D8BC6AF6BD43A, 'Get Screened for Cervical Cancer', '2020-10-08 16:24:41', 'https://health.gov/sites/default/files//styles/myhf_topics_header_image/public/2020-01/gscc.jpg', 'Get Screened for Cervical Cancer', '536', 'https://health.gov/myhealthfinder/topics/doctor-visits/screening-tests/get-screened-cervical-cancer', 'Hazte la prueba de detección del cáncer de cuello uterino', '2020-10-08 16:24:41', 'https://health.gov/sites/default/files//styles/myhf_topics_header_image/public/2020-01/gscc.jpg', 'Hazte-la-prueba-de-detección-del-cáncer-de-cuello-uterino', 'https://health.gov/espanol/myhealthfinder/temas/consultas-doctor/pruebas-deteccion/hazte-prueba-deteccion-cancer-cuello-uterino'),
        (0xA74318A0867511EBB23D8BC6AF6BD43A, 'Get Tested for Colorectal Cancer', '2019-10-01 14:44:07', 'https://health.gov/sites/default/files//styles/myhf_topics_header_image/public/2020-01/gtcc.png', 'Get Tested for Colorectal Cancer', '538', 'https://health.gov/myhealthfinder/topics/doctor-visits/screening-tests/get-tested-colorectal-cancer', 'Hazte las pruebas de detección del cáncer de colon y de recto', '2019-10-01 14:44:07', 'https://health.gov/sites/default/files//styles/myhf_topics_header_image/public/2020-01/gtcc.png', 'Hazte las pruebas de detección del cáncer de colon y de recto', 'https://health.gov/espanol/myhealthfinder/temas/consultas-doctor/pruebas-deteccion/hazte-pruebas-deteccion-cancer-colon-recto'),
        (0xA747D390867511EBB23D8BC6AF6BD43A, 'Get Your Child the HPV Vaccine', '2019-10-01 15:31:14', 'https://health.gov/sites/default/files//styles/myhf_topics_header_image/public/2020-01/gychpv.jpg', 'Get Your Child the HPV Vaccine', '544', 'https://health.gov/myhealthfinder/topics/doctor-visits/shots-vaccines/get-your-child-hpv-vaccine', 'Vacuna a tu niño contra el VPH ', '2019-10-01 15:31:14', 'https://health.gov/sites/default/files//styles/myhf_topics_header_image/public/2020-01/gychpv.jpg', 'Vacuna a tu niño contra el VPH ', 'https://health.gov/espanol/myhealthfinder/temas/consultas-doctor/vacunas/vacuna-tu-nino-vph'),
        (0xA74CDCA0867511EBB23D8BC6AF6BD43A, 'Talk with a Doctor if Breast or Ovarian Cancer Runs in Your Family', '2021-01-29 20:41:07', 'https://health.gov/sites/default/files//styles/myhf_topics_header_image/public/2020-01/shutterstock_14174758.jpg', 'Woman smiling ', '547', 'https://health.gov/myhealthfinder/topics/health-conditions/cancer/talk-doctor-if-breast-or-ovarian-cancer-runs-your-family', 'Habla con el doctor si hay cáncer de seno o de ovario en tu familia', '2021-01-29 20:41:07', 'https://health.gov/sites/default/files//styles/myhf_topics_header_image/public/2020-01/shutterstock_14174758.jpg', 'Habla con el doctor si hay cáncer de seno o de ovario en tu familia', 'https://health.gov/espanol/myhealthfinder/temas/enfermedades-problemas-salud/cancer/habla-doctor-si-hay-cancer-seno-o-ovario-tu-familia'),
        (0xA7517080867511EBB23D8BC6AF6BD43A, 'Colorectal Cancer Screening: Questions for the doctor', '2020-02-02 16:55:41', 'https://health.gov/sites/default/files//styles/myhf_topics_header_image/public/2020-01/6_0.jpg', 'Colorectal Cancer Screening: Questions for the doctor', '553', 'https://health.gov/myhealthfinder/topics/doctor-visits/talking-doctor/colorectal-cancer-screening-questions-doctor', 'Preguntas para el doctor: La prueba de detección del cáncer de colon y de recto ', '2020-02-02 16:55:41', 'https://health.gov/sites/default/files//styles/myhf_topics_header_image/public/2020-01/6_0.jpg', 'Preguntas para el doctor: La prueba de detección del cáncer de colon y de recto ', 'https://health.gov/espanol/myhealthfinder/temas/consultas-doctor/charlas-doctor/preguntas-doctor-prueba-deteccion-cancer-colon-recto'),
        (0xA7567990867511EBB23D8BC6AF6BD43A, 'Take Steps to Prevent Skin Cancer', '2020-10-08 17:23:08', 'https://health.gov/sites/default/files//styles/myhf_topics_header_image/public/2020-01/tstpsc.png', 'Take Steps to Prevent Skin Cancer', '30532', 'https://health.gov/myhealthfinder/topics/health-conditions/cancer/take-steps-prevent-skin-cancer', 'Toma medidas para prevenir el cáncer de piel', '2020-10-08 17:23:08', 'https://health.gov/sites/default/files//styles/myhf_topics_header_image/public/2020-01/tstpsc.png', 'toma-medidas-para-prevenir-el-cancer-de-piel', 'https://health.gov/espanol/myhealthfinder/temas/enfermedades-problemas-salud/cancer/toma-medidas-prevenir-cancer-piel'),
        (0xA75B82A0867511EBB23D8BC6AF6BD43A, 'Genetic Testing to Learn About Your Risk of Breast and Ovarian Cancer: Questions for the doctor', '2020-10-08 15:20:11', 'https://health.gov/sites/default/files//styles/myhf_topics_header_image/public/2020-01/shutterstock_14460502.jpg', 'Woman talking with health care provider', '30584', 'https://health.gov/myhealthfinder/topics/doctor-visits/talking-doctor/genetic-testing-learn-about-your-risk-breast-and-ovarian-cancer-questions-doctor', 'Preguntas para el doctor: Las pruebas genéticas para saber qué riesgo corres de sufrir cáncer de seno y ovario ', '2020-10-08 15:20:11', 'https://health.gov/sites/default/files//styles/myhf_topics_header_image/public/2020-01/shutterstock_14460502.jpg', 'Preguntas para el doctor: Las pruebas genéticas para saber qué riesgo corres de sufrir cáncer de seno y ovario ', 'https://health.gov/espanol/myhealthfinder/temas/consultas-doctor/charlas-doctor/preguntas-doctor-pruebas-geneticas-saber-riesgo-corres-sufrir-cancer-seno-ovario'),
        (0xA7601680867511EBB23D8BC6AF6BD43A, 'Colorectal Cancer Screening: Conversation starters', '2020-02-02 16:54:40', 'https://health.gov/sites/default/files//styles/myhf_topics_header_image/public/2020-01/5.jpg', 'Colorectal Cancer Screening: Conversation starters', '30586', 'https://health.gov/myhealthfinder/topics/health-conditions/cancer/colorectal-cancer-screening-conversation-starters', 'Temas para hablar con un ser querido: La prueba de detección del cáncer de colon y de recto ', '2020-02-02 16:54:40', 'https://health.gov/sites/default/files//styles/myhf_topics_header_image/public/2020-01/5.jpg', ' Temas para hablar con un ser querido: La prueba de detección del cáncer de colon y de recto ', 'https://health.gov/espanol/myhealthfinder/temas/enfermedades-problemas-salud/cancer/temas-hablar-ser-querido-prueba-deteccion-cancer-colon-recto'),
        (0xA764F880867511EBB23D8BC6AF6BD43A, 'Quitting Smoking: Conversation starters', '2020-01-30 14:55:35', 'https://health.gov/sites/default/files//styles/myhf_topics_header_image/public/2020-01/qscs.jpg', 'Quitting Smoking: Conversation starters', '30588', 'https://health.gov/myhealthfinder/topics/health-conditions/cancer/quitting-smoking-conversation-starters', 'Temas para hablar con un ser querido: Dejar de fumar', '2020-01-30 14:55:35', 'https://health.gov/sites/default/files//styles/myhf_topics_header_image/public/2020-01/qscs.jpg', 'Temas para hablar con un ser querido: Dejar de fumar', 'https://health.gov/espanol/myhealthfinder/temas/enfermedades-problemas-salud/cancer/temas-hablar-ser-querido-dejar-fumar'),
        (0xA769B370867511EBB23D8BC6AF6BD43A, 'Prostate Cancer Screening: Questions for the doctor', '2021-01-07 18:47:00', 'https://health.gov/sites/default/files//styles/myhf_topics_header_image/public/2020-01/pcsqd_0.jpg', 'Prostate Cancer Screening: Questions for the doctor', '30590', 'https://health.gov/myhealthfinder/topics/health-conditions/cancer/prostate-cancer-screening-questions-doctor', 'Preguntas para el doctor: La prueba de detección del cáncer de próstata', '2021-01-07 18:47:00', 'https://health.gov/sites/default/files//styles/myhf_topics_header_image/public/2020-01/pcsqd_0.jpg', 'Preguntas para el doctor: La prueba de detección del cáncer de próstata', 'https://health.gov/espanol/myhealthfinder/temas/enfermedades-problemas-salud/cancer/preguntas-doctor-prueba-deteccion-cancer-prostata'),
        (0xA76EE390867511EBB23D8BC6AF6BD43A, 'Lung Cancer Screening: Questions for the doctor', '2021-03-15 18:07:54', 'https://health.gov/sites/default/files//styles/myhf_topics_header_image/public/2020-01/lcsqd.jpg', 'Lung Cancer Screening: Questions for the doctor', '30592', 'https://health.gov/myhealthfinder/topics/doctor-visits/talking-doctor/lung-cancer-screening-questions-doctor', 'Preguntas para el doctor: La prueba de detección del cáncer de pulmón ', '2021-03-15 18:07:54', 'https://health.gov/sites/default/files//styles/myhf_topics_header_image/public/2020-01/lcsqd.jpg', 'Preguntas para el doctor: La prueba de detección del cáncer de pulmón ', 'https://health.gov/espanol/myhealthfinder/temas/consultas-doctor/charlas-doctor/preguntas-doctor-prueba-deteccion-cancer-pulmon'),
        (0xA7737770867511EBB23D8BC6AF6BD43A, 'Mammograms: Questions for the doctor', '2019-10-15 17:46:25', 'https://health.gov/sites/default/files//styles/myhf_topics_header_image/public/2020-01/mqd.jpg', 'Mammograms: Questions for the doctor', '30593', 'https://health.gov/myhealthfinder/topics/doctor-visits/talking-doctor/mammograms-questions-doctor', 'Preguntas para el doctor: La mamografía', '2019-10-15 17:46:25', 'https://health.gov/sites/default/files//styles/myhf_topics_header_image/public/2020-01/mqd.jpg', 'Preguntas para el doctor: La mamografía', 'https://health.gov/espanol/myhealthfinder/temas/consultas-doctor/charlas-doctor/preguntas-doctor-mamografia'),
        (0xA7780B50867511EBB23D8BC6AF6BD43A, 'Quit Smoking', '2020-01-30 16:59:24', 'https://health.gov/sites/default/files//styles/myhf_topics_header_image/public/2020-01/qs.jpg', 'Quit Smoking', '30610', 'https://health.gov/myhealthfinder/topics/health-conditions/diabetes/quit-smoking', 'Deja de fumar', '2020-01-30 16:59:24', 'https://health.gov/sites/default/files//styles/myhf_topics_header_image/public/2020-01/qs.jpg', 'Deja de fumar', 'https://health.gov/espanol/myhealthfinder/temas/enfermedades-problemas-salud/diabetes/deja-fumar'),
        (0xAAF57240867511EBB23D8BC6AF6BD43A, 'Get Your Blood Pressure Checked', '2020-02-03 14:36:54', 'https://health.gov/sites/default/files//styles/myhf_topics_header_image/public/2020-01/gybpc.png', 'Man getting his blood pressure checked by health care provider', '533', 'https://health.gov/myhealthfinder/topics/doctor-visits/screening-tests/get-your-blood-pressure-checked', 'Hazte tomar la presión arterial', '2020-02-03 14:36:54', 'https://health.gov/sites/default/files//styles/myhf_topics_header_image/public/2020-01/gybpc.png', 'Get Your Blood Pressure Checked', 'https://health.gov/espanol/myhealthfinder/temas/consultas-doctor/pruebas-deteccion/hazte-tomar-presion-arterial'),
        (0xAAFAF080867511EBB23D8BC6AF6BD43A, 'Get Your Cholesterol Checked', '2020-10-14 12:59:57', 'https://health.gov/sites/default/files//styles/myhf_topics_header_image/public/2020-01/gycc_0.jpg', 'Get Your Cholesterol Checked', '537', 'https://health.gov/myhealthfinder/topics/doctor-visits/screening-tests/get-your-cholesterol-checked', 'Hazte la prueba del colesterol', '2020-10-14 12:59:57', 'https://health.gov/sites/default/files//styles/myhf_topics_header_image/public/2020-01/gycc_0.jpg', 'Hazte la prueba del colesterol', 'https://health.gov/espanol/myhealthfinder/temas/consultas-doctor/pruebas-deteccion/hazte-prueba-colesterol'),
        (0xAB006EC0867511EBB23D8BC6AF6BD43A, 'Eat Healthy', '2020-02-05 18:38:05', 'https://health.gov/sites/default/files//styles/myhf_topics_header_image/public/2020-01/eh.jpg', 'Person chopping vegetables ', '30539', 'https://health.gov/myhealthfinder/topics/health-conditions/diabetes/eat-healthy', 'Come una alimentación saludable', '2020-02-05 18:38:05', 'https://health.gov/sites/default/files//styles/myhf_topics_header_image/public/2020-01/eh.jpg', 'come-una-alimentacion', 'https://health.gov/espanol/myhealthfinder/temas/enfermedades-problemas-salud/diabetes/come-alimentacion-saludable'),
        (0xAB06D760867511EBB23D8BC6AF6BD43A, 'Get Active', '2019-10-02 20:53:16', 'https://health.gov/sites/default/files//styles/myhf_topics_header_image/public/2020-01/HF_man-lifing-weights_18521182.jpg', 'Get Active', '30547', 'https://health.gov/myhealthfinder/topics/health-conditions/diabetes/get-active', 'Mantente activo', '2019-10-02 20:53:16', 'https://health.gov/sites/default/files//styles/myhf_topics_header_image/public/2020-01/HF_man-lifing-weights_18521182.jpg', 'mantente-activo', 'https://health.gov/espanol/myhealthfinder/temas/enfermedades-problemas-salud/diabetes/mantente-activo'),
        (0xAB0BB960867511EBB23D8BC6AF6BD43A, 'Watch Your Weight', '2019-10-03 15:22:30', 'https://health.gov/sites/default/files//styles/myhf_topics_header_image/public/2020-01/wyw.jpg', 'Watch Your Weight', '30551', 'https://health.gov/myhealthfinder/topics/health-conditions/diabetes/watch-your-weight', 'Mantente en un peso saludable', '2019-10-03 15:22:30', 'https://health.gov/sites/default/files//styles/myhf_topics_header_image/public/2020-01/wyw.jpg', 'Mantente en un peso saludable', 'https://health.gov/espanol/myhealthfinder/temas/enfermedades-problemas-salud/diabetes/mantente-peso-saludable'),
        (0xAB1185C0867511EBB23D8BC6AF6BD43A, 'Help Your Child Stay at a Healthy Weight', '2020-02-06 16:46:32', 'https://health.gov/sites/default/files//styles/myhf_topics_header_image/public/2020-01/hycshw.jpg', 'Help Your Child Stay at a Healthy Weight', '30566', 'https://health.gov/myhealthfinder/topics/health-conditions/obesity/help-your-child-stay-healthy-weight', 'Ayuda a tus hijos a mantenerse en un peso saludable', '2020-02-06 16:46:32', 'https://health.gov/sites/default/files//styles/myhf_topics_header_image/public/2020-01/hycshw.jpg', 'help-your-child-stay-at-a-healthy-weight', 'https://health.gov/espanol/myhealthfinder/temas/enfermedades-problemas-salud/obesidad/ayuda-tus-hijos-mantenerse-peso-saludable'),
        (0xAB1667C0867511EBB23D8BC6AF6BD43A, 'Gestational Diabetes Screening: Questions for the doctor', '2020-02-03 14:34:04', 'https://health.gov/sites/default/files//styles/myhf_topics_header_image/public/2020-01/HF_Young_Pregnant_Woman_81571858.jpg', 'Smiling pregnant woman eating vegetables', '30574', 'https://health.gov/myhealthfinder/topics/doctor-visits/talking-doctor/gestational-diabetes-screening-questions-doctor', 'Preguntas para el doctor: La prueba de la diabetes gestacional ', '2020-02-03 14:34:04', 'https://health.gov/sites/default/files//styles/myhf_topics_header_image/public/2020-01/HF_Young_Pregnant_Woman_81571858.jpg', 'Preguntas para el doctor: La prueba de la diabetes gestacional ', 'https://health.gov/espanol/myhealthfinder/temas/consultas-doctor/charlas-doctor/preguntas-doctor-prueba-diabetes-gestacional'),
        (0xAB1B70D0867511EBB23D8BC6AF6BD43A, 'Healthy Eating: Conversation starters', '2019-10-15 17:58:26', 'https://health.gov/sites/default/files//styles/myhf_topics_header_image/public/2020-01/hecs.png', 'Healthy Eating: Conversation starters', '30596', 'https://health.gov/myhealthfinder/topics/health-conditions/diabetes/healthy-eating-conversation-starters', 'Temas para hablar con un ser querido: La alimentación saludable', '2019-10-15 17:58:26', 'https://health.gov/sites/default/files//styles/myhf_topics_header_image/public/2020-01/hecs.png', 'Temas para hablar con un ser querido: La alimentación saludable', 'https://health.gov/espanol/myhealthfinder/temas/enfermedades-problemas-salud/diabetes/temas-hablar-ser-querido-alimentacion-saludable'),
        (0xAB211620867511EBB23D8BC6AF6BD43A, 'Help a Loved One Get More Active: Quick tips', '2019-10-15 18:04:08', 'https://health.gov/sites/default/files//styles/myhf_topics_header_image/public/2020-01/hlogma.jpg', 'Help a Loved One Get More Active: Quick tips', '30597', 'https://health.gov/myhealthfinder/topics/health-conditions/diabetes/help-loved-one-get-more-active-quick-tips', 'Consejos: Cómo ayudarle a un ser querido a ser más activo', '2019-10-15 18:04:08', 'https://health.gov/sites/default/files//styles/myhf_topics_header_image/public/2020-01/hlogma.jpg', 'Consejos: Cómo ayudarle a un ser querido a ser más activo', 'https://health.gov/espanol/myhealthfinder/temas/enfermedades-problemas-salud/diabetes/consejos-ayudarle-ser-querido-ser-activo'),
        (0xAB289030867511EBB23D8BC6AF6BD43A, 'Losing Weight: Conversation starters', '2019-10-15 18:18:00', 'https://health.gov/sites/default/files//styles/myhf_topics_header_image/public/2020-01/lwqftd.png', 'Losing Weight: Conversation starters', '30598', 'https://health.gov/myhealthfinder/topics/health-conditions/diabetes/losing-weight-conversation-starters', 'Temas para hablar con un ser querido: Bajar de peso', '2019-10-15 18:18:00', 'https://health.gov/sites/default/files//styles/myhf_topics_header_image/public/2020-01/lwqftd.png', 'Temas para hablar con un ser querido: Bajar de peso', 'https://health.gov/espanol/myhealthfinder/temas/enfermedades-problemas-salud/diabetes/temas-hablar-ser-querido-bajar-peso'),
        (0xAB2EAAB0867511EBB23D8BC6AF6BD43A, 'Preventing Type 2 Diabetes: Questions for the doctor', '2020-02-05 17:02:16', 'https://health.gov/sites/default/files//styles/myhf_topics_header_image/public/2020-01/Untitled-1_0.jpg', 'Man and woman looking at a tablet together', '30601', 'https://health.gov/myhealthfinder/topics/doctor-visits/talking-doctor/preventing-type-2-diabetes-questions-doctor', 'Preguntas para el doctor: Cómo prevenir la diabetes tipo 2 ', '2020-02-05 17:02:16', 'https://health.gov/sites/default/files//styles/myhf_topics_header_image/public/2020-01/Untitled-1_0.jpg', 'Preguntas para el doctor: Cómo prevenir la diabetes tipo 2 ', 'https://health.gov/espanol/myhealthfinder/temas/consultas-doctor/charlas-doctor/preguntas-doctor-prevenir-diabetes-tipo-2'),
        (0xAB34C530867511EBB23D8BC6AF6BD43A, 'Losing Weight: Questions for the doctor', '2020-02-03 14:48:24', 'https://health.gov/sites/default/files//styles/myhf_topics_header_image/public/2020-01/losingweight-2.jpg', 'Health care provider talking with woman', '30615', 'https://health.gov/myhealthfinder/topics/health-conditions/obesity/losing-weight-questions-doctor', 'Preguntas para el doctor: Bajar de peso', '2020-02-03 14:48:24', 'https://health.gov/sites/default/files//styles/myhf_topics_header_image/public/2020-01/losingweight-2.jpg', 'Preguntas para el doctor: Bajar de peso', 'https://health.gov/espanol/myhealthfinder/temas/enfermedades-problemas-salud/obesidad/preguntas-doctor-bajar-peso'),
        (0xAEB7AA60867511EBB23D8BC6AF6BD43A, 'Talk to Your Doctor About Abdominal Aortic Aneurysm', '2020-09-30 20:13:14', 'https://health.gov/sites/default/files//styles/myhf_topics_header_image/public/2020-01/ttydaaaa.jpg', 'Talk to Your Doctor About Abdominal Aortic Aneurysm', '532', 'https://health.gov/myhealthfinder/topics/health-conditions/heart-health/talk-your-doctor-about-abdominal-aortic-aneurysm', 'Habla con el doctor sobre el aneurisma aórtico abdominal', '2020-09-30 20:13:14', 'https://health.gov/sites/default/files//styles/myhf_topics_header_image/public/2020-01/ttydaaaa.jpg', 'Habla con el doctor sobre el aneurisma aórtico abdominal', 'https://health.gov/espanol/myhealthfinder/temas/enfermedades-problemas-salud/salud-corazon/habla-doctor-aneurisma-aortico-abdominal'),
        (0xAEC0D220867511EBB23D8BC6AF6BD43A, 'Talk with Your Doctor About Taking Aspirin to Prevent Disease', '2020-09-30 20:13:25', 'https://health.gov/sites/default/files//styles/myhf_topics_header_image/public/2020-01/twydata.jpg', 'Talk with Your Doctor About Taking Aspirin to Prevent Disease', '30544', 'https://health.gov/myhealthfinder/topics/health-conditions/heart-health/talk-your-doctor-about-taking-aspirin-prevent-disease', 'Habla con el doctor acerca de tomar aspirina para prevenir enfermedades', '2020-09-30 20:13:25', 'https://health.gov/sites/default/files//styles/myhf_topics_header_image/public/2020-01/twydata.jpg', 'talk-with-your-doctor-about-taking-aspirin-everyday', 'https://health.gov/espanol/myhealthfinder/temas/enfermedades-problemas-salud/salud-corazon/habla-doctor-acerca-tomar-aspirina-prevenir-enfermedades'),
        (0xAEC761D0867511EBB23D8BC6AF6BD43A, 'Drink Alcohol Only in Moderation', '2020-02-05 16:59:58', 'https://health.gov/sites/default/files//styles/myhf_topics_header_image/public/2020-01/GettyImages-615484018_0.jpg', 'Two women laughing', '30558', 'https://health.gov/myhealthfinder/topics/health-conditions/heart-health/drink-alcohol-only-moderation', 'Si tomas alcohol, hazlo con moderación', '2020-02-05 16:59:58', 'https://health.gov/sites/default/files//styles/myhf_topics_header_image/public/2020-01/GettyImages-615484018_0.jpg', 'Si tomas alcohol, hazlo con moderación', 'https://health.gov/espanol/myhealthfinder/temas/enfermedades-problemas-salud/salud-corazon/si-tomas-alcohol-hazlo-moderacion'),
        (0xAECC43D0867511EBB23D8BC6AF6BD43A, 'Eat Less Sodium: Quick tips', '2019-10-04 02:04:16', 'https://health.gov/sites/default/files//styles/myhf_topics_header_image/public/2020-01/els.jpg', 'eat-less-sodium-quick-tips', '30559', 'https://health.gov/myhealthfinder/topics/health-conditions/heart-health/eat-less-sodium-quick-tips', 'Consejos: Cómo comer menos sodio', '2019-10-04 02:04:16', 'https://health.gov/sites/default/files//styles/myhf_topics_header_image/public/2020-01/els.jpg', 'Consejos-Cómo-comer-menos-sodio', 'https://health.gov/espanol/myhealthfinder/temas/enfermedades-problemas-salud/salud-corazon/consejos-comer-menos-sodio'),
        (0xAED19B00867511EBB23D8BC6AF6BD43A, 'Manage Stress', '2020-10-13 16:58:29', 'https://health.gov/sites/default/files//styles/myhf_topics_header_image/public/2020-01/ms.png', 'Manage Stress', '30560', 'https://health.gov/myhealthfinder/topics/health-conditions/heart-health/manage-stress', 'Aprende a controlar el estrés', '2020-10-13 16:58:29', 'https://health.gov/sites/default/files//styles/myhf_topics_header_image/public/2020-01/ms.png', 'manage-stress', 'https://health.gov/espanol/myhealthfinder/temas/enfermedades-problemas-salud/salud-corazon/aprende-controlar-estres'),
        (0xAED74050867511EBB23D8BC6AF6BD43A, 'Reduce Your Risk of Stroke', '2020-02-05 18:41:23', 'https://health.gov/sites/default/files//styles/myhf_topics_header_image/public/2020-01/ryrs.jpg', 'Reduce Your Risk of Stroke', '30561', 'https://health.gov/myhealthfinder/topics/health-conditions/heart-health/reduce-your-risk-stroke', 'Reduce el riesgo de sufrir un derrame cerebral', '2020-02-05 18:41:23', 'https://health.gov/sites/default/files//styles/myhf_topics_header_image/public/2020-01/ryrs.jpg', 'reduce-your-risk-of-stroke', 'https://health.gov/espanol/myhealthfinder/temas/enfermedades-problemas-salud/salud-corazon/reduce-riesgo-sufrir-derrame-cerebral'),
        (0xAEDD0CB0867511EBB23D8BC6AF6BD43A, 'Medicines to Prevent Heart Attack and Stroke: Questions for the doctor', '2020-02-03 17:49:00', 'https://health.gov/sites/default/files//styles/myhf_topics_header_image/public/2020-01/female-nurse-helping-old-woman_169771958.jpg', 'Health care provider talking with woman', '30594', 'https://health.gov/myhealthfinder/topics/doctor-visits/talking-doctor/medicines-prevent-heart-attack-and-stroke-questions-doctor', 'Preguntas para el doctor: Los medicamentos para prevenir el ataque al corazón o el derrame cerebral ', '2020-02-03 17:49:00', 'https://health.gov/sites/default/files//styles/myhf_topics_header_image/public/2020-01/female-nurse-helping-old-woman_169771958.jpg', 'Preguntas para el doctor: Los medicamentos para prevenir el ataque al corazón o el derrame cerebral ', 'https://health.gov/espanol/myhealthfinder/temas/consultas-doctor/charlas-doctor/preguntas-doctor-medicamentos-prevenir-ataque-corazon-o-derrame-cerebral'),
        (0xAEE32730867511EBB23D8BC6AF6BD43A, 'Lower-Sodium Foods: Shopping list', '2019-10-15 18:23:11', 'https://health.gov/sites/default/files//styles/myhf_topics_header_image/public/2020-01/lsfsl.jpg', 'Lower-Sodium Foods: Shopping list', '30599', 'https://health.gov/myhealthfinder/topics/health-conditions/heart-health/lower-sodium-foods-shopping-list', 'Lista para llevar al mercado: Alimentos que contienen menos sodio', '2019-10-15 18:23:11', 'https://health.gov/sites/default/files//styles/myhf_topics_header_image/public/2020-01/lsfsl.jpg', 'Lista para llevar al mercado: Alimentos que contienen menos sodio', 'https://health.gov/espanol/myhealthfinder/temas/enfermedades-problemas-salud/salud-corazon/lista-llevar-mercado-alimentos-contienen-menos-sodio'),
        (0xAEEA0500867511EBB23D8BC6AF6BD43A, 'Heart-Healthy Foods: Shopping list', '2020-02-03 14:39:50', 'https://health.gov/sites/default/files//styles/myhf_topics_header_image/public/2020-01/hhfsl.png', 'Smiling woman shopping for fruits and vegetables', '30602', 'https://health.gov/myhealthfinder/topics/health-conditions/heart-health/heart-healthy-foods-shopping-list', 'Lista para llevar al mercado: Alimentos para tener un corazón sano', '2020-02-03 14:39:50', 'https://health.gov/sites/default/files//styles/myhf_topics_header_image/public/2020-01/hhfsl.png', 'Lista para llevar al mercado: Alimentos para tener un corazón sano', 'https://health.gov/espanol/myhealthfinder/temas/enfermedades-problemas-salud/salud-corazon/lista-llevar-mercado-alimentos-tener-corazon-sano'),
        (0xAEF15800867511EBB23D8BC6AF6BD43A, 'Heart Health: Conversation starters', '2019-10-15 19:29:02', 'https://health.gov/sites/default/files//styles/myhf_topics_header_image/public/2020-01/hhcs_0.jpg', 'Heart Health: Conversation starters', '30605', 'https://health.gov/myhealthfinder/topics/health-conditions/heart-health/heart-health-conversation-starters', 'Temas para hablar con un ser querido: La salud del corazón', '2019-10-15 19:29:02', 'https://health.gov/sites/default/files//styles/myhf_topics_header_image/public/2020-01/hhcs_0.jpg', 'Temas para hablar con un ser querido: La salud del corazón', 'https://health.gov/espanol/myhealthfinder/temas/enfermedades-problemas-salud/salud-corazon/temas-hablar-ser-querido-salud-corazon'),
        (0xB2351150867511EBB23D8BC6AF6BD43A, 'Get Tested for Chlamydia and Gonorrhea', '2020-02-03 14:35:38', 'https://health.gov/sites/default/files//styles/myhf_topics_header_image/public/2020-01/shutterstock_221865748_0.jpg', 'A man and a woman sitting on a couch and talking', '350', 'https://health.gov/myhealthfinder/topics/health-conditions/hiv-and-other-stds/get-tested-chlamydia-and-gonorrhea', 'Hazte las pruebas para detectar la infección por clamidia y la gonorrea', '2020-02-03 14:35:38', 'https://health.gov/sites/default/files//styles/myhf_topics_header_image/public/2020-01/shutterstock_221865748_0.jpg', 'get-tested-for-chlamydia-gonorrhea', 'https://health.gov/espanol/myhealthfinder/temas/enfermedades-problemas-salud/infeccion-vih-otras-enfermedades-transmision-sexual/hazte-pruebas-detectar-infeccion-clamidia-gonorrea'),
        (0xB23BEF20867511EBB23D8BC6AF6BD43A, 'Talk with Your Teen About Preventing STDs', '2020-09-30 20:13:43', 'https://health.gov/sites/default/files//styles/myhf_topics_header_image/public/2020-01/twytastds.jpg', 'Father and teen son laughing together', '30562', 'https://health.gov/myhealthfinder/topics/health-conditions/hiv-and-other-stds/talk-your-teen-about-preventing-stds', 'Habla con tu hijo adolescente sobre cómo prevenir las enfermedades de transmisión sexual', '2020-09-30 20:13:43', 'https://health.gov/sites/default/files//styles/myhf_topics_header_image/public/2020-01/twytastds.jpg', 'hpv', 'https://health.gov/espanol/myhealthfinder/temas/enfermedades-problemas-salud/infeccion-vih-otras-enfermedades-transmision-sexual/habla-tu-hijo-adolescente-prevenir-enfermedades-transmision-sexual'),
        (0xB242CCF0867511EBB23D8BC6AF6BD43A, 'Get Tested for HIV', '2020-01-30 17:11:14', 'https://health.gov/sites/default/files//styles/myhf_topics_header_image/public/2020-01/gthiv.jpg', 'get-tested-for-hiv', '30564', 'https://health.gov/myhealthfinder/topics/health-conditions/hiv-and-other-stds/get-tested-hiv', 'Hazte la prueba del VIH', '2020-01-30 17:11:14', 'https://health.gov/sites/default/files//styles/myhf_topics_header_image/public/2020-01/gthiv.jpg', 'get-tested-for-hiv', 'https://health.gov/espanol/myhealthfinder/temas/enfermedades-problemas-salud/infeccion-vih-otras-enfermedades-transmision-sexual/hazte-prueba-vih'),
        (0xB24E65B0867511EBB23D8BC6AF6BD43A, 'Protect Yourself from Hepatitis B', '2021-03-12 21:41:55', 'https://health.gov/sites/default/files//styles/myhf_topics_header_image/public/2020-02/regular-checkups%20%281%29%20copy.jpg', 'Protect Yourself from Hepatitis B', '30565', 'https://health.gov/myhealthfinder/topics/health-conditions/hiv-and-other-stds/protect-yourself-hepatitis-b', 'Protégete de la hepatitis B', '2021-03-12 21:41:55', 'https://health.gov/sites/default/files//styles/myhf_topics_header_image/public/2020-02/regular-checkups%20%281%29%20copy.jpg', 'protect-yourself-from-hepatitus-b', 'https://health.gov/espanol/myhealthfinder/temas/enfermedades-problemas-salud/infeccion-vih-otras-enfermedades-transmision-sexual/protegete-hepatitis-b'),
        (0xB2543210867511EBB23D8BC6AF6BD43A, 'Testing for Syphilis: Questions for the doctor', '2020-02-05 17:04:23', 'https://health.gov/sites/default/files//styles/myhf_topics_header_image/public/2020-01/shutterstock_16044082.jpg', 'Man and woman smiling', '30612', 'https://health.gov/myhealthfinder/topics/health-conditions/hiv-and-other-stds/testing-syphilis-questions-doctor', 'Preguntas para el doctor: La prueba de la sífilis', '2020-02-05 17:04:23', 'https://health.gov/sites/default/files//styles/myhf_topics_header_image/public/2020-01/shutterstock_16044082.jpg', 'Preguntas para el doctor: La prueba de la sífilis', 'https://health.gov/espanol/myhealthfinder/temas/enfermedades-problemas-salud/infeccion-vih-otras-enfermedades-transmision-sexual/preguntas-doctor-prueba-sifilis'),
        (0xB25AC1C0867511EBB23D8BC6AF6BD43A, 'HIV Testing: Questions for the doctor', '2019-10-16 12:19:20', 'https://health.gov/sites/default/files//styles/myhf_topics_header_image/public/2020-01/HIVTQD.jpg', 'HIV Testing: Questions for the doctor', '30613', 'https://health.gov/myhealthfinder/topics/health-conditions/hiv-and-other-stds/hiv-testing-questions-doctor', 'Preguntas para el doctor: La prueba del VIH', '2019-10-16 12:19:20', 'https://health.gov/sites/default/files//styles/myhf_topics_header_image/public/2020-01/HIVTQD.jpg', 'Preguntas para el doctor: La prueba del VIH', 'https://health.gov/espanol/myhealthfinder/temas/enfermedades-problemas-salud/infeccion-vih-otras-enfermedades-transmision-sexual/preguntas-doctor-prueba-vih'),
        (0xB2637450867511EBB23D8BC6AF6BD43A, 'STD Testing: Conversation starters', '2020-02-04 22:20:16', 'https://health.gov/sites/default/files//styles/myhf_topics_header_image/public/2020-01/stdtcs.jpg', 'Man and woman smiling', '30614', 'https://health.gov/myhealthfinder/topics/health-conditions/hiv-and-other-stds/std-testing-conversation-starters', 'Temas para hablar con tu pareja: Las pruebas para detectar enfermedades de transmisión sexual', '2020-02-04 22:20:16', 'https://health.gov/sites/default/files//styles/myhf_topics_header_image/public/2020-01/stdtcs.jpg', 'Temas para hablar con tu pareja: Las pruebas para detectar enfermedades de transmisión sexual', 'https://health.gov/espanol/myhealthfinder/temas/enfermedades-problemas-salud/infeccion-vih-otras-enfermedades-transmision-sexual/temas-hablar-tu-pareja-pruebas-detectar-enfermedades-transmision-sexual'),
        (0xB5FC2B70867511EBB23D8BC6AF6BD43A, 'Get Your Teen Screened for Depression', '2020-10-13 16:57:55', 'https://health.gov/sites/default/files//styles/myhf_topics_header_image/public/2020-01/gytsfd.png', 'Teenage boy sitting on the ground with his head in his hand', '539', 'https://health.gov/myhealthfinder/topics/everyday-healthy-living/mental-health-and-relationships/get-your-teen-screened-depression', 'La detección de la depresión en los adolescentes', '2020-10-13 16:57:55', 'https://health.gov/sites/default/files//styles/myhf_topics_header_image/public/2020-01/gytsfd.png', 'Get Your Teen Screened for Depression', 'https://health.gov/espanol/myhealthfinder/temas/llevar-vida-sana/salud-mental-relaciones-otras-personas/deteccion-depresion-adolescentes'),
        (0xB601F7D0867511EBB23D8BC6AF6BD43A, 'Talk with Your Doctor About Depression', '2021-02-01 14:27:54', 'https://health.gov/sites/default/files//styles/myhf_topics_header_image/public/2020-01/twydad.jpg', 'Talk with Your Doctor About Depression', '540', 'https://health.gov/myhealthfinder/topics/doctor-visits/screening-tests/talk-your-doctor-about-depression', 'Habla con el doctor sobre la depresión', '2021-02-01 14:27:54', 'https://health.gov/sites/default/files//styles/myhf_topics_header_image/public/2020-01/twydad.jpg', 'Temas para hablar con un ser querido: La depresión', 'https://health.gov/espanol/myhealthfinder/temas/consultas-doctor/pruebas-deteccion/habla-doctor-depresion'),
        (0xB606D9D0867511EBB23D8BC6AF6BD43A, 'Get Enough Sleep', '2019-10-02 19:15:40', 'https://health.gov/sites/default/files//styles/myhf_topics_header_image/public/2020-01/19.jpg', 'Get Enough Sleep', '30533', 'https://health.gov/myhealthfinder/topics/everyday-healthy-living/mental-health-and-relationships/get-enough-sleep', 'Trata de dormir lo suficiente ', '2019-10-02 19:15:40', 'https://health.gov/sites/default/files//styles/myhf_topics_header_image/public/2020-01/19.jpg', 'Trata de dormir lo suficiente ', 'https://health.gov/espanol/myhealthfinder/temas/llevar-vida-sana/salud-mental-relaciones-otras-personas/trata-dormir-lo-suficiente'),
        (0xB60BBBD0867511EBB23D8BC6AF6BD43A, 'Get Support if You Are a Caregiver', '2019-10-02 19:24:46', 'https://health.gov/sites/default/files//styles/myhf_topics_header_image/public/2020-01/gsiyc.jpg', 'Get Support if You Are a Caregiver', '30534', 'https://health.gov/myhealthfinder/topics/everyday-healthy-living/mental-health-and-relationships/get-support-if-you-are-caregiver', 'Consigue apoyo si eres cuidador ', '2019-10-02 19:24:46', 'https://health.gov/sites/default/files//styles/myhf_topics_header_image/public/2020-01/gsiyc.jpg', 'Consigue apoyo si eres cuidador ', 'https://health.gov/espanol/myhealthfinder/temas/llevar-vida-sana/salud-mental-relaciones-otras-personas/consigue-apoyo-si-eres-cuidador'),
        (0xB6118830867511EBB23D8BC6AF6BD43A, 'Talk to Your Kids About Tobacco, Alcohol, and Drugs', '2021-03-09 21:54:08', 'https://health.gov/sites/default/files//styles/myhf_topics_header_image/public/2020-01/ttykatad.jpg', 'Talk to Your Kids About Tobacco, Alcohol, and Drugs', '30535', 'https://health.gov/myhealthfinder/topics/everyday-healthy-living/mental-health-and-relationships/talk-your-kids-about-tobacco-alcohol-and-drugs', 'Habla con tus hijos sobre el tabaco, el alcohol y las drogas', '2021-03-09 21:54:08', 'https://health.gov/sites/default/files//styles/myhf_topics_header_image/public/2020-01/ttykatad.jpg', 'Habla con tus hijos sobre el tabaco, el alcohol y las drogas', 'https://health.gov/espanol/myhealthfinder/temas/llevar-vida-sana/salud-mental-relaciones-otras-personas/habla-tus-hijos-tabaco-alcohol-drogas'),
        (0xB6175490867511EBB23D8BC6AF6BD43A, 'Watch for Warning Signs of Relationship Violence', '2019-10-02 19:37:57', 'https://health.gov/sites/default/files//styles/myhf_topics_header_image/public/2020-01/wfwsrv.png', 'Watch for Warning Signs of Relationship Violence', '30537', 'https://health.gov/myhealthfinder/topics/everyday-healthy-living/mental-health-and-relationships/watch-warning-signs-relationship-violence', 'Presta atención a los indicios de violencia en la relación con tu pareja ', '2019-10-02 19:37:57', 'https://health.gov/sites/default/files//styles/myhf_topics_header_image/public/2020-01/wfwsrv.png', 'Presta atención a los indicios de violencia en la relación con tu pareja ', 'https://health.gov/espanol/myhealthfinder/temas/llevar-vida-sana/salud-mental-relaciones-otras-personas/presta-atencion-indicios-violencia-relacion-tu-pareja'),
        (0xB61D20F0867511EBB23D8BC6AF6BD43A, 'Talk to Your Kids About Sex', '2021-03-12 21:41:51', 'https://health.gov/sites/default/files//styles/myhf_topics_header_image/public/2020-01/African_American_Father_Son.jpg', 'Father hugging young son', '30542', 'https://health.gov/myhealthfinder/topics/everyday-healthy-living/sexual-health/talk-your-kids-about-sex', 'Habla con tus hijos sobre el sexo', '2021-03-12 21:41:51', 'https://health.gov/sites/default/files//styles/myhf_topics_header_image/public/2020-01/African_American_Father_Son.jpg', 'Habla-con-tus hijos-sobre-el-sexo', 'https://health.gov/espanol/myhealthfinder/temas/llevar-vida-sana/salud-sexual/habla-tus-hijos-sexo'),
        (0xB624C210867511EBB23D8BC6AF6BD43A, 'Depression: Conversation starters', '2020-10-13 16:57:28', 'https://health.gov/sites/default/files//styles/myhf_topics_header_image/public/2020-01/7_0.jpg', 'Depression: Conversation starters', '30604', 'https://health.gov/myhealthfinder/topics/everyday-healthy-living/mental-health-and-relationships/depression-conversation-starters', 'Temas para hablar con un ser querido: La depresión ', '2020-10-13 16:57:28', 'https://health.gov/sites/default/files//styles/myhf_topics_header_image/public/2020-01/7_0.jpg', 'Temas para hablar con un ser querido: La depresión ', 'https://health.gov/espanol/myhealthfinder/temas/llevar-vida-sana/salud-mental-relaciones-otras-personas/temas-hablar-ser-querido-depresion'),
        (0xB62A8E70867511EBB23D8BC6AF6BD43A, 'Alcohol Use: Conversation starters', '2019-10-15 19:41:09', 'https://health.gov/sites/default/files//styles/myhf_topics_header_image/public/2020-01/1_0.jpg', 'Alcohol Use: Conversation starters', '30606', 'https://health.gov/myhealthfinder/topics/everyday-healthy-living/mental-health-and-relationships/alcohol-use-conversation-starters', 'Temas para hablar con un ser querido: El consumo de alcohol ', '2019-10-15 19:41:09', 'https://health.gov/sites/default/files//styles/myhf_topics_header_image/public/2020-01/1_0.jpg', 'Temas para hablar con un ser querido: El consumo de alcohol ', 'https://health.gov/espanol/myhealthfinder/temas/llevar-vida-sana/salud-mental-relaciones-otras-personas/temas-hablar-ser-querido-consumo-alcohol'),
        (0xB631BA60867511EBB23D8BC6AF6BD43A, 'Support a Loved One at the Doctor: Quick tips', '2020-10-08 17:19:38', 'https://health.gov/sites/default/files//styles/myhf_topics_header_image/public/2020-01/saloatd.jpg', 'Two women hugging and smiling', '30760', 'https://health.gov/myhealthfinder/topics/everyday-healthy-living/mental-health-and-relationships/support-loved-one-doctor-quick-tips', 'Consejos: Cómo apoyar a un ser querido cuando tiene que ir al doctor', '2020-10-08 17:19:38', 'https://health.gov/sites/default/files//styles/myhf_topics_header_image/public/2020-01/saloatd.jpg', 'Consejos: Cómo apoyar a un ser querido cuando tiene que ir al doctor', 'https://health.gov/espanol/myhealthfinder/temas/llevar-vida-sana/salud-mental-relaciones-otras-personas/consejos-apoyar-ser-querido-cuando-tiene-ir-doctor'),
        (0xB636EA80867511EBB23D8BC6AF6BD43A, 'Talk with Your Doctor About Drug Misuse', '2021-03-09 21:53:06', 'https://health.gov/sites/default/files//styles/myhf_topics_header_image/public/2021-03/twydadm.jpg', 'A health care provider listens to their patient', '33303', 'https://health.gov/myhealthfinder/topics/everyday-healthy-living/mental-health-and-relationships/talk-your-doctor-about-drug-misuse', 'Habla con el doctor sobre el consumo indebido de drogas', '2021-03-09 21:53:06', 'https://health.gov/sites/default/files//styles/myhf_topics_header_image/public/2021-03/twydadm.jpg', 'Una profesional de la salud escucha a su paciente', 'https://health.gov/espanol/myhealthfinder/temas/llevar-vida-sana/salud-mental-relaciones-otras-personas/habla-doctor-consumo-indebido-drogas'),
        (0xB63E6490867511EBB23D8BC6AF6BD43A, 'Drug Misuse: Conversation starters', '2021-03-09 21:53:31', 'https://health.gov/sites/default/files//styles/myhf_topics_header_image/public/2021-03/dmcs.jpg', ' A patient and health care provider sit and talk', '33304', 'https://health.gov/myhealthfinder/topics/everyday-healthy-living/mental-health-and-relationships/drug-misuse-conversation-starters', 'Temas para hablar con un ser querido: el consumo indebido de drogas', '2021-03-09 21:53:31', 'https://health.gov/sites/default/files//styles/myhf_topics_header_image/public/2021-03/dmcs.jpg', 'Una paciente y una profesional de la salud se sientan y hablan.', 'https://health.gov/espanol/myhealthfinder/temas/llevar-vida-sana/salud-mental-relaciones-otras-personas/temas-hablar-ser-querido-consumo-indebido-drogas'),
        (0xB983F2A0867511EBB23D8BC6AF6BD43A, 'Get Enough Folic Acid', '2019-09-09 17:10:45', 'https://health.gov/sites/default/files//styles/myhf_topics_header_image/public/2020-01/18.jpg', 'Get Enough Folic Acid', '327', 'https://health.gov/myhealthfinder/topics/everyday-healthy-living/nutrition/get-enough-folic-acid', 'Toma suficiente ácido fólico ', '2019-09-09 17:10:45', 'https://health.gov/sites/default/files//styles/myhf_topics_header_image/public/2020-01/18.jpg', 'Toma suficiente ácido fólico ', 'https://health.gov/espanol/myhealthfinder/temas/embarazo/nutricion-y-actividad-fisica/toma-suficiente-acido-folico'),
        (0xB98A3430867511EBB23D8BC6AF6BD43A, 'Get Enough Calcium', '2019-10-02 15:22:16', 'https://health.gov/sites/default/files//styles/myhf_topics_header_image/public/2020-01/17.jpg', 'Get Enough Calcium', '30530', 'https://health.gov/myhealthfinder/topics/everyday-healthy-living/nutrition/get-enough-calcium', 'Toma suficiente calcio ', '2019-10-02 15:22:16', 'https://health.gov/sites/default/files//styles/myhf_topics_header_image/public/2020-01/17.jpg', 'Toma suficiente calcio ', 'https://health.gov/espanol/myhealthfinder/temas/llevar-vida-sana/nutricion/toma-suficiente-calcio'),
        (0xB9994F60867511EBB23D8BC6AF6BD43A, 'Calcium: Shopping list', '2019-10-15 19:43:46', 'https://health.gov/sites/default/files//styles/myhf_topics_header_image/public/2020-01/3.jpg', 'Calcium: Shopping list', '30607', 'https://health.gov/myhealthfinder/topics/everyday-healthy-living/nutrition/calcium-shopping-list', 'Lista para llevar al mercado: Alimentos que contienen calcio ', '2019-10-15 19:43:46', 'https://health.gov/sites/default/files//styles/myhf_topics_header_image/public/2020-01/3.jpg', 'Lista para llevar al mercado: Alimentos que contienen calcio ', 'https://health.gov/espanol/myhealthfinder/temas/llevar-vida-sana/nutricion/lista-llevar-mercado-alimentos-contienen-calcio'),
        (0xB99E5870867511EBB23D8BC6AF6BD43A, 'Healthy Snacks: Quick tips for parents', '2019-10-15 19:47:57', 'https://health.gov/sites/default/files//styles/myhf_topics_header_image/public/2020-01/hsqtp.jpg', 'Healthy Snacks: Quick tips for parents', '30608', 'https://health.gov/myhealthfinder/topics/everyday-healthy-living/nutrition/healthy-snacks-quick-tips-parents', 'Consejos para los padres: Meriendas o refrigerios saludables ', '2019-10-15 19:47:57', 'https://health.gov/sites/default/files//styles/myhf_topics_header_image/public/2020-01/hsqtp.jpg', 'Consejos para los padres: Meriendas o refrigerios saludables ', 'https://health.gov/espanol/myhealthfinder/temas/llevar-vida-sana/nutricion/consejos-padres-meriendas-o-refrigerios-saludables'),
        (0xBCD91110867511EBB23D8BC6AF6BD43A, 'Stay Active As You Get Older: Quick tips', '2019-10-16 12:34:08', 'https://health.gov/sites/default/files//styles/myhf_topics_header_image/public/2020-01/saaygo.png', 'Stay Active As You Get Older: Quick tips', '30616', 'https://health.gov/myhealthfinder/topics/health-conditions/obesity/stay-active-you-get-older-quick-tips', 'Consejos: Cómo mantenerte activo con el paso de los años', '2019-10-16 12:34:08', 'https://health.gov/sites/default/files//styles/myhf_topics_header_image/public/2020-01/saaygo.png', 'Consejos: Cómo mantenerte activo con el paso de los años', 'https://health.gov/espanol/myhealthfinder/temas/enfermedades-problemas-salud/obesidad/consejos-mantenerte-activo-paso-anos'),
        (0xBCDD7DE0867511EBB23D8BC6AF6BD43A, 'Stay Active During Pregnancy: Quick tips', '2019-10-16 12:39:44', 'https://health.gov/sites/default/files//styles/myhf_topics_header_image/public/2020-01/sadp.jpg', 'Stay Active During Pregnancy: Quick tips', '30617', 'https://health.gov/myhealthfinder/topics/pregnancy/nutrition-and-physical-activity/stay-active-during-pregnancy-quick-tips', 'Consejos: Cómo mantenerte activa durante el embarazo', '2019-10-16 12:39:44', 'https://health.gov/sites/default/files//styles/myhf_topics_header_image/public/2020-01/sadp.jpg', 'Consejos: Cómo mantenerte activa durante el embarazo', 'https://health.gov/espanol/myhealthfinder/temas/embarazo/nutricion-actividad-fisica/consejos-mantenerte-activa-embarazo'),
        (0xBCE211C0867511EBB23D8BC6AF6BD43A, 'Stay Active with a Disability: Quick tips', '2019-10-16 12:43:39', 'https://health.gov/sites/default/files//styles/myhf_topics_header_image/public/2020-01/sawad.jpg', 'Stay Active with a Disability: Quick tips', '30618', 'https://health.gov/myhealthfinder/topics/health-conditions/obesity/stay-active-disability-quick-tips', 'Consejos: Cómo mantenerte activo si tienes una discapacidad', '2019-10-16 12:43:39', 'https://health.gov/sites/default/files//styles/myhf_topics_header_image/public/2020-01/sawad.jpg', 'Consejos: Cómo mantenerte activo si tienes una discapacidad', 'https://health.gov/espanol/myhealthfinder/temas/enfermedades-problemas-salud/obesidad/consejos-mantenerte-activo-si-tienes-discapacidad'),
        (0xC18EF800867511EBB23D8BC6AF6BD43A, 'Protect Your Health As You Grow Older', '2020-10-21 14:54:09', 'https://health.gov/sites/default/files//styles/myhf_topics_header_image/public/2020-01/pyhaygo.jpg', 'Protect Your Health As You Grow Older', '30531', 'https://health.gov/myhealthfinder/topics/everyday-healthy-living/physical-activity/protect-your-health-you-grow-older', 'Cuida de tu salud en la vejez ', '2020-10-21 14:54:09', 'https://health.gov/sites/default/files//styles/myhf_topics_header_image/public/2020-01/pyhaygo.jpg', 'Cuida de tu salud en la vejez ', 'https://health.gov/espanol/myhealthfinder/temas/llevar-vida-sana/actividad-fisica/cuida-tu-salud-vejez'),
        (0xC5284B60867511EBB23D8BC6AF6BD43A, 'Make the Most of Your Baby’s Visit to the Doctor (Ages 0 to 11 Months)', '2020-10-02 13:00:52', 'https://health.gov/sites/default/files//styles/myhf_topics_header_image/public/2020-01/mtmbvd0.jpg', 'Make the Most of Your Baby’s Visit to the Doctor (Ages 0 to 11 Months)', '510', 'https://health.gov/myhealthfinder/topics/doctor-visits/regular-checkups/make-most-your-babys-visit-doctor-ages-0-11-months', 'Saca el mayor provecho de las consultas de bebé con el doctor (desde el nacimiento hasta los 11 meses)', '2020-10-02 13:00:52', 'https://health.gov/sites/default/files//styles/myhf_topics_header_image/public/2020-01/mtmbvd0.jpg', 'Saca el mayor provecho de las consultas de bebé con el doctor (desde el nacimiento hasta los 11 meses)', 'https://health.gov/espanol/myhealthfinder/temas/consultas-doctor/chequeos-periodicos/saca-mayor-provecho-consultas-bebe-doctor-nacimiento-11-meses'),
        (0xC52CDF40867511EBB23D8BC6AF6BD43A, 'Make the Most of Your Child’s Visit to the Doctor (Ages 1 to 4)', '2020-06-24 16:21:08', 'https://health.gov/sites/default/files//styles/myhf_topics_header_image/public/2020-01/ChildVision.dv755003.jpg', 'Health care provider looking at young girl''s eye', '512', 'https://health.gov/myhealthfinder/topics/doctor-visits/regular-checkups/make-most-your-childs-visit-doctor-ages-1-4', 'Saca el mayor provecho de las consultas de tu hijo con el doctor (de 1 a 4 años)', '2020-06-24 16:21:08', 'https://health.gov/sites/default/files//styles/myhf_topics_header_image/public/2020-01/ChildVision.dv755003.jpg', 'Saca el mayor provecho de las consultas de tu hijo con el doctor (de 1 a 4 años)', 'https://health.gov/espanol/myhealthfinder/temas/consultas-doctor/chequeos-periodicos/saca-mayor-provecho-consultas-tu-hijo-doctor-1-4-anos'),
        (0xC531E850867511EBB23D8BC6AF6BD43A, 'Make the Most of Your Child’s Visit to the Doctor (Ages 5 to 10)', '2020-10-02 12:58:40', 'https://health.gov/sites/default/files//styles/myhf_topics_header_image/public/2020-01/shutterstock_272136395_0.jpg', 'Health care provider using a stethoscope on a young girl while her mother watches', '527', 'https://health.gov/myhealthfinder/topics/doctor-visits/regular-checkups/make-most-your-childs-visit-doctor-ages-5-10', 'Saca el mayor provecho de las consultas de tu hijo con el doctor (de 5 a 17 años)', '2020-10-02 12:58:40', 'https://health.gov/sites/default/files//styles/myhf_topics_header_image/public/2020-01/shutterstock_272136395_0.jpg', 'Saca el mayor provecho de las consultas de tu hijo con el doctor (de 5 a 17 años)', 'https://health.gov/espanol/myhealthfinder/temas/consultas-doctor/chequeos-periodicos/saca-mayor-provecho-consultas-tu-hijo-doctor-5-17-anos'),
        (0xC5371870867511EBB23D8BC6AF6BD43A, 'Make the Most of Your Child’s Visit to the Doctor (Ages 11 to 14)', '2020-10-02 12:57:39', 'https://health.gov/sites/default/files//styles/myhf_topics_header_image/public/2020-01/shutterstock_181674767.jpg', 'Make the Most of Your Child’s Visit to the Doctor (Ages 11 to 14)', '528', 'https://health.gov/myhealthfinder/topics/doctor-visits/regular-checkups/make-most-your-childs-visit-doctor-ages-11-14', 'Saca el mayor provecho de las consultas de tu hijo con el doctor (de 11 a 14 años)', '2020-10-02 12:57:39', 'https://health.gov/sites/default/files//styles/myhf_topics_header_image/public/2020-01/shutterstock_181674767.jpg', 'Saca el mayor provecho de las consultas de tu hijo con el doctor (de 11 a 14 años)', 'https://health.gov/espanol/myhealthfinder/temas/consultas-doctor/chequeos-periodicos/saca-mayor-provecho-consultas-tu-hijo-doctor-11-14-anos'),
        (0xC53D5A00867511EBB23D8BC6AF6BD43A, 'Make the Most of Your Teen’s Visit to the Doctor (Ages 15 to 17)', '2020-10-02 13:00:04', 'https://health.gov/sites/default/files//styles/myhf_topics_header_image/public/2020-01/1517.png', 'Health care provider talking with teen girl', '529', 'https://health.gov/myhealthfinder/topics/doctor-visits/regular-checkups/make-most-your-teens-visit-doctor-ages-15-17', 'Saca el mayor provecho de las consultas de tu hijo con el doctor (de 15 a 17 años)', '2020-10-02 13:00:04', 'https://health.gov/sites/default/files//styles/myhf_topics_header_image/public/2020-01/1517.png', 'make the most of your child''s visit to the doctor ages 15 to 17', 'https://health.gov/espanol/myhealthfinder/temas/consultas-doctor/chequeos-periodicos/saca-mayor-provecho-consultas-tu-hijo-doctor-15-17-anos'),
        (0xC542FF50867511EBB23D8BC6AF6BD43A, 'Take Care of Your Child''s Teeth', '2019-09-30 19:09:01', 'https://health.gov/sites/default/files//styles/myhf_topics_header_image/public/2020-01/tcoyct.jpg', 'Take Care of Your Child''s Teeth', '530', 'https://health.gov/myhealthfinder/topics/doctor-visits/regular-checkups/take-care-your-childs-teeth', 'Cómo cuidar los dientes de tu hijo', '2019-09-30 19:09:01', 'https://health.gov/sites/default/files//styles/myhf_topics_header_image/public/2020-01/tcoyct.jpg', 'Take care of your child''s teeth ', 'https://health.gov/espanol/myhealthfinder/temas/consultas-doctor/chequeos-periodicos/cuidar-dientes-tu-hijo'),
        (0xC54967F0867511EBB23D8BC6AF6BD43A, 'Take Charge of Your Health Care', '2020-10-16 17:35:39', 'https://health.gov/sites/default/files//styles/myhf_topics_header_image/public/2020-01/shutterstock_52510519.jpg', 'Man smiling', '552', 'https://health.gov/myhealthfinder/topics/doctor-visits/talking-doctor/take-charge-your-health-care', 'Toma las riendas del cuidado de tu salud ', '2020-10-16 17:35:39', 'https://health.gov/sites/default/files//styles/myhf_topics_header_image/public/2020-01/shutterstock_52510519.jpg', 'Toma las riendas del cuidado de tu salud ', 'https://health.gov/espanol/myhealthfinder/temas/consultas-doctor/charlas-doctor/toma-riendas-cuidado-tu-salud'),
        (0xC54F0D40867511EBB23D8BC6AF6BD43A, 'Get Your Well-Woman Visit Every Year', '2021-01-29 20:33:29', 'https://health.gov/sites/default/files//styles/myhf_topics_header_image/public/2020-01/gywwvey.jpg', 'Get Your Well-Woman Visit Every Year', '30540', 'https://health.gov/myhealthfinder/topics/everyday-healthy-living/sexual-health/get-your-well-woman-visit-every-year', 'Hazte el chequeo anual de la mujer sana ', '2021-01-29 20:33:29', 'https://health.gov/sites/default/files//styles/myhf_topics_header_image/public/2020-01/gywwvey.jpg', 'Hazte el chequeo anual de la mujer sana ', 'https://health.gov/espanol/myhealthfinder/temas/llevar-vida-sana/salud-sexual/hazte-chequeo-anual-mujer-sana'),
        (0xC554B290867511EBB23D8BC6AF6BD43A, 'Men: Take Charge of Your Health', '2019-10-02 20:12:54', 'https://health.gov/sites/default/files//styles/myhf_topics_header_image/public/2020-01/mtcoyh.jpg', 'Men: Take Charge of Your Health', '30541', 'https://health.gov/myhealthfinder/topics/doctor-visits/regular-checkups/men-take-charge-your-health', 'Los hombres deben tomar las riendas de su salud', '2019-10-02 20:12:54', 'https://health.gov/sites/default/files//styles/myhf_topics_header_image/public/2020-01/mtcoyh.jpg', 'Los hombres deben tomar las riendas de su salud ', 'https://health.gov/espanol/myhealthfinder/temas/consultas-doctor/chequeos-periodicos/hombres-deben-tomar-riendas-su-salud'),
        (0xC55ACD10867511EBB23D8BC6AF6BD43A, 'Get Your Medicare Wellness Visit Every Year', '2020-02-03 14:37:42', 'https://health.gov/sites/default/files//styles/myhf_topics_header_image/public/2020-01/Artboard%20%E2%80%93%201_4.png', 'Woman talking with health care provider', '30567', 'https://health.gov/myhealthfinder/topics/doctor-visits/regular-checkups/get-your-medicare-wellness-visit-every-year', 'Programa tu consulta preventiva de Medicare todos los años', '2020-02-03 14:37:42', 'https://health.gov/sites/default/files//styles/myhf_topics_header_image/public/2020-01/Artboard%20%E2%80%93%201_4.png', 'get-your-medicare-wellness-visit-every-year', 'https://health.gov/espanol/myhealthfinder/temas/consultas-doctor/chequeos-periodicos/programa-tu-consulta-preventiva-medicare-todos-anos'),
        (0xC56135B0867511EBB23D8BC6AF6BD43A, 'Choosing a Doctor: Quick tips', '2020-02-03 14:28:14', 'https://health.gov/sites/default/files//styles/myhf_topics_header_image/public/2020-01/cadqt.png', 'Health care provider holding a clipboard', '30589', 'https://health.gov/myhealthfinder/topics/doctor-visits/regular-checkups/choosing-doctor-quick-tips', 'Consejos: Cómo escoger un doctor', '2020-02-03 14:28:14', 'https://health.gov/sites/default/files//styles/myhf_topics_header_image/public/2020-01/cadqt.png', 'Consejos: Cómo escoger un doctor', 'https://health.gov/espanol/myhealthfinder/temas/consultas-doctor/chequeos-periodicos/consejos-escoger-doctor'),
        (0xC56665D0867511EBB23D8BC6AF6BD43A, 'Oral Health for Older Adults: Quick tips', '2020-02-03 17:49:33', 'https://health.gov/sites/default/files//styles/myhf_topics_header_image/public/2020-01/oaha.png', 'Older man smiling', '30591', 'https://health.gov/myhealthfinder/topics/doctor-visits/regular-checkups/oral-health-older-adults-quick-tips', 'Consejos para las personas mayores: La salud de la boca', '2020-02-03 17:49:33', 'https://health.gov/sites/default/files//styles/myhf_topics_header_image/public/2020-01/oaha.png', 'Consejos para las personas mayores: La salud de la boca', 'https://health.gov/espanol/myhealthfinder/temas/consultas-doctor/chequeos-periodicos/consejos-personas-mayores-salud-boca'),
        (0xC86E4EA0867511EBB23D8BC6AF6BD43A, 'Lower Your Risk of Falling', '2019-09-09 17:26:39', 'https://health.gov/sites/default/files//styles/myhf_topics_header_image/public/2020-01/lyrf.jpg', 'Lower Your Risk of Falling', '329', 'https://health.gov/myhealthfinder/topics/everyday-healthy-living/safety/lower-your-risk-falling', 'Reduce el riesgo de sufrir caídas', '2019-09-09 17:26:39', 'https://health.gov/sites/default/files//styles/myhf_topics_header_image/public/2020-01/lyrf.jpg', 'Reduce el riesgo de sufrir caídas', 'https://health.gov/espanol/myhealthfinder/temas/llevar-vida-sana/precauciones-seguridad/reduce-riesgo-sufrir-caidas'),
        (0xC8730990867511EBB23D8BC6AF6BD43A, 'Prevent Back Pain', '2020-10-08 17:09:39', 'https://health.gov/sites/default/files//styles/myhf_topics_header_image/public/2020-01/pbp.jpg', 'Prevent Back Pain', '30543', 'https://health.gov/myhealthfinder/topics/everyday-healthy-living/safety/prevent-back-pain', 'Cómo prevenir el dolor de espalda ', '2020-10-08 17:09:39', 'https://health.gov/sites/default/files//styles/myhf_topics_header_image/public/2020-01/pbp.jpg', 'Cómo prevenir el dolor de espalda ', 'https://health.gov/espanol/myhealthfinder/temas/llevar-vida-sana/precauciones-seguridad/prevenir-dolor-espalda'),
        (0xC8792410867511EBB23D8BC6AF6BD43A, 'Prevent Infections When You Get Medical Care', '2019-10-02 20:39:44', 'https://health.gov/sites/default/files//styles/myhf_topics_header_image/public/2020-01/piwygmc.jpg', 'Prevent Infections When You Get Medical Care', '30545', 'https://health.gov/myhealthfinder/topics/everyday-healthy-living/safety/prevent-infections-when-you-get-medical-care', 'Evita las infecciones cuando recibas atención médica ', '2019-10-02 20:39:44', 'https://health.gov/sites/default/files//styles/myhf_topics_header_image/public/2020-01/piwygmc.jpg', 'Evita las infecciones cuando recibas atención médica', 'https://health.gov/espanol/myhealthfinder/temas/llevar-vida-sana/precauciones-seguridad/evita-infecciones-cuando-recibas-atencion-medica'),
        (0xC87F3E90867511EBB23D8BC6AF6BD43A, 'Use Medicines Safely', '2021-03-09 21:53:54', 'https://health.gov/sites/default/files//styles/myhf_topics_header_image/public/2020-01/ums.jpg', 'Health care provider smiling', '30546', 'https://health.gov/myhealthfinder/topics/everyday-healthy-living/safety/use-medicines-safely', 'Toma medicamentos de forma segura', '2021-03-09 21:53:54', 'https://health.gov/sites/default/files//styles/myhf_topics_header_image/public/2020-01/ums.jpg', 'Un profesional de la salud sonríe', 'https://health.gov/espanol/myhealthfinder/temas/llevar-vida-sana/precauciones-seguridad/toma-medicamentos-forma-segura'),
        (0xC885A730867511EBB23D8BC6AF6BD43A, 'Preventing Falls: Conversation starters', '2019-10-29 15:53:34', 'https://health.gov/sites/default/files//styles/myhf_topics_header_image/public/2020-01/pfcs.jpg', 'Preventing Falls: Conversation starters', '30759', 'https://health.gov/myhealthfinder/topics/everyday-healthy-living/safety/preventing-falls-conversation-starters', 'Temas para hablar con un ser querido: La prevención de caídas', '2019-10-29 15:53:34', 'https://health.gov/sites/default/files//styles/myhf_topics_header_image/public/2020-01/pfcs.jpg', 'Temas para hablar con un ser querido: La prevención de caídas', 'https://health.gov/espanol/myhealthfinder/temas/llevar-vida-sana/precauciones-seguridad/temas-hablar-ser-querido-prevencion-caidas'),
        (0xCBFCF3A0867511EBB23D8BC6AF6BD43A, 'Get Screened', '2020-10-21 14:51:54', 'https://health.gov/sites/default/files//styles/myhf_topics_header_image/public/2020-01/gs.jpg', 'get screened', '531', 'https://health.gov/myhealthfinder/topics/doctor-visits/screening-tests/get-screened', 'Hazte las pruebas habituales de detección', '2020-10-21 14:51:54', 'https://health.gov/sites/default/files//styles/myhf_topics_header_image/public/2020-01/gs.jpg', 'get screened', 'https://health.gov/espanol/myhealthfinder/temas/consultas-doctor/pruebas-deteccion/hazte-pruebas-habituales-deteccion'),
        (0xCC0928A0867511EBB23D8BC6AF6BD43A, 'Get a Bone Density Test', '2019-10-01 13:52:57', 'https://health.gov/sites/default/files//styles/myhf_topics_header_image/public/2020-01/15.jpg', 'Get a Bone Density Test', '534', 'https://health.gov/myhealthfinder/topics/doctor-visits/screening-tests/get-bone-density-test', 'Hazte la prueba para medir la densidad de los huesos', '2019-10-01 13:52:57', 'https://health.gov/sites/default/files//styles/myhf_topics_header_image/public/2020-01/15.jpg', 'Get a Bone Density Test', 'https://health.gov/espanol/myhealthfinder/temas/consultas-doctor/pruebas-deteccion/hazte-prueba-medir-densidad-huesos'),
        (0xCC153690867511EBB23D8BC6AF6BD43A, 'Get Your Child’s Vision Checked', '2019-10-01 15:05:11', 'https://health.gov/sites/default/files//styles/myhf_topics_header_image/public/2020-01/gycvc.jpg', 'Get Your Child’s Vision Checked', '541', 'https://health.gov/myhealthfinder/topics/doctor-visits/screening-tests/get-your-childs-vision-checked', 'Lleva a tus hijos al examen de los ojos', '2019-10-01 15:05:11', 'https://health.gov/sites/default/files//styles/myhf_topics_header_image/public/2020-01/gycvc.jpg', 'Get Your Child’s Vision Checked', 'https://health.gov/espanol/myhealthfinder/temas/consultas-doctor/pruebas-deteccion/lleva-tus-hijos-examen-ojos'),
        (0xCC1F96D0867511EBB23D8BC6AF6BD43A, 'Hepatitis C Screening: Questions for the doctor', '2020-07-01 02:31:53', 'https://health.gov/sites/default/files//styles/myhf_topics_header_image/public/2020-06/MyHf%20Hep%20C.jpg', 'Woman speaking with provider', '30575', 'https://health.gov/myhealthfinder/topics/doctor-visits/talking-doctor/hepatitis-c-screening-questions-doctor', 'Preguntas para el doctor: La prueba de detección de la hepatitis C ', '2020-07-01 02:31:53', 'https://health.gov/sites/default/files//styles/myhf_topics_header_image/public/2020-06/MyHf%20Hep%20C.jpg', 'Preguntas para el doctor: La prueba de detección de la hepatitis C ', 'https://health.gov/espanol/myhealthfinder/temas/consultas-doctor/charlas-doctor/preguntas-doctor-prueba-deteccion-hepatitis-c'),
        (0xCC29F710867511EBB23D8BC6AF6BD43A, 'Preventing Osteoporosis: Questions for the doctor', '2020-02-05 17:01:23', 'https://health.gov/sites/default/files//styles/myhf_topics_header_image/public/2020-01/preventingosteoporosis.jpg', 'Older man and woman stretching', '30595', 'https://health.gov/myhealthfinder/topics/doctor-visits/talking-doctor/preventing-osteoporosis-questions-doctor', 'Preguntas para el doctor: Cómo prevenir la osteoporosis ', '2020-02-05 17:01:23', 'https://health.gov/sites/default/files//styles/myhf_topics_header_image/public/2020-01/preventingosteoporosis.jpg', 'Preguntas para el doctor: Cómo prevenir la osteoporosis ', 'https://health.gov/espanol/myhealthfinder/temas/consultas-doctor/charlas-doctor/preguntas-doctor-prevenir-osteoporosis'),
        (0xCC30ADD0867511EBB23D8BC6AF6BD43A, 'Testing for Latent Tuberculosis: Questions for the doctor', '2020-02-03 17:56:55', 'https://health.gov/sites/default/files//styles/myhf_topics_header_image/public/2020-01/Artboard%20%E2%80%93%201_7.png', 'Family hugging each other and smiling', '30609', 'https://health.gov/myhealthfinder/topics/doctor-visits/screening-tests/testing-latent-tuberculosis-questions-doctor', 'Preguntas para el doctor: La prueba de la tuberculosis latente', '2020-02-03 17:56:55', 'https://health.gov/sites/default/files//styles/myhf_topics_header_image/public/2020-01/Artboard%20%E2%80%93%201_7.png', 'Preguntas para el doctor: La prueba de la tuberculosis latente', 'https://health.gov/espanol/myhealthfinder/temas/consultas-doctor/pruebas-deteccion/preguntas-doctor-prueba-tuberculosis-latente'),
        (0xCF8EA5E0867511EBB23D8BC6AF6BD43A, 'Choose the Right Birth Control', '2020-02-05 21:15:43', 'https://health.gov/sites/default/files//styles/myhf_topics_header_image/public/2020-02/0917_HF_source_Right-Birth-Control_0.jpg', 'Choose the Right Birth Control', '30538', 'https://health.gov/myhealthfinder/topics/everyday-healthy-living/sexual-health/choose-right-birth-control', 'Cómo escoger el anticonceptivo adecuado ', '2020-02-05 21:15:43', 'https://health.gov/sites/default/files//styles/myhf_topics_header_image/public/2020-02/0917_HF_source_Right-Birth-Control_0.jpg', 'Cómo escoger el anticonceptivo adecuado ', 'https://health.gov/espanol/myhealthfinder/temas/llevar-vida-sana/salud-sexual/escoger-anticonceptivo-adecuado'),
        (0xD2C6ED80867511EBB23D8BC6AF6BD43A, 'Get Shots to Protect Your Health (Adults Age 50 or Older)', '2020-02-05 18:22:15', 'https://health.gov/sites/default/files//styles/myhf_topics_header_image/public/2020-01/gs50.jpg', 'Health care provider helping older woman walk', '542', 'https://health.gov/myhealthfinder/topics/doctor-visits/shots-vaccines/get-shots-protect-your-health-adults-age-50-or-older', ' Ponte vacunas para proteger la salud (adultos mayores de 50 años) ', '2020-02-05 18:22:15', 'https://health.gov/sites/default/files//styles/myhf_topics_header_image/public/2020-01/gs50.jpg', 'Ponte vacunas para proteger la salud (adultos mayores de 50 años) ', 'https://health.gov/espanol/myhealthfinder/temas/consultas-doctor/vacunas/ponte-vacunas-proteger-salud-adultos-mayores-50-anos'),
        (0xD2CBA870867511EBB23D8BC6AF6BD43A, 'Get Shots to Protect Your Health (Adults Ages 19 to 49)', '2020-01-29 20:47:43', 'https://health.gov/sites/default/files//styles/myhf_topics_header_image/public/2020-01/gspyh19.jpg', 'Get Shots to Protect Your Health (Adults Ages 19 to 49)', '543', 'https://health.gov/myhealthfinder/topics/doctor-visits/shots-vaccines/get-shots-protect-your-health-adults-ages-19-49', 'Ponte vacunas para proteger la salud (adultos, 19 a 49 años) ', '2020-01-29 20:47:43', 'https://health.gov/sites/default/files//styles/myhf_topics_header_image/public/2020-01/gspyh19.jpg', 'Ponte vacunas para proteger la salud (adultos, 19 a 49 años) ', 'https://health.gov/espanol/myhealthfinder/temas/consultas-doctor/vacunas/ponte-vacunas-proteger-salud-adultos-19-49-anos'),
        (0xD2D3E5D0867511EBB23D8BC6AF6BD43A, 'Get Your Child’s Shots on Schedule', '2020-01-31 16:49:31', 'https://health.gov/sites/default/files//styles/myhf_topics_header_image/public/2020-01/gycsos.jpg', 'Get Your Child’s Shots on Schedule', '546', 'https://health.gov/myhealthfinder/topics/doctor-visits/shots-vaccines/get-your-childs-shots-schedule', 'Asegúrate de que tu niño esté al día en las vacunas', '2020-01-31 16:49:31', 'https://health.gov/sites/default/files//styles/myhf_topics_header_image/public/2020-01/gycsos.jpg', 'Get Your Child’s Shots on Schedule', 'https://health.gov/espanol/myhealthfinder/temas/consultas-doctor/vacunas/asegurate-tu-nino-dia-vacunas'),
        (0xD2DA2760867511EBB23D8BC6AF6BD43A, 'Get Your Pre‑teen’s Shots on Schedule', '2020-02-04 19:10:31', 'https://health.gov/sites/default/files//styles/myhf_topics_header_image/public/2020-01/preteenshots.jpg', 'Health care provider talking with pre-teen girl', '549', 'https://health.gov/myhealthfinder/topics/doctor-visits/shots-vaccines/get-your-pre-teens-shots-schedule', 'Asegúrate de que tu preadolescente esté al día en sus vacunas ', '2020-02-04 19:10:31', 'https://health.gov/sites/default/files//styles/myhf_topics_header_image/public/2020-01/preteenshots.jpg', 'Asegúrate de que tu preadolescente esté al día en sus vacunas ', 'https://health.gov/espanol/myhealthfinder/temas/consultas-doctor/vacunas/asegurate-tu-preadolescente-dia-vacunas'),
        (0xD2E068F0867511EBB23D8BC6AF6BD43A, 'Protect Yourself from Seasonal Flu', '2020-12-04 22:30:14', 'https://health.gov/sites/default/files//styles/myhf_topics_header_image/public/2020-01/pyfsf.jpg', 'Protect Yourself from Seasonal Flu', '551', 'https://health.gov/myhealthfinder/topics/doctor-visits/shots-vaccines/protect-yourself-seasonal-flu', 'Protégete de la gripe ', '2020-12-04 22:30:14', 'https://health.gov/sites/default/files//styles/myhf_topics_header_image/public/2020-01/pyfsf.jpg', 'Protégete de la gripe ', 'https://health.gov/espanol/myhealthfinder/temas/consultas-doctor/vacunas/protegete-gripe'),
        (0xD63DEBD0867511EBB23D8BC6AF6BD43A, 'Preventing Preeclampsia: Questions for the doctor', '2020-10-08 17:13:06', 'https://health.gov/sites/default/files//styles/myhf_topics_header_image/public/2020-01/ppqd.jpg', 'Preventing Preeclampsia: Questions for the doctor', '30600', 'https://health.gov/myhealthfinder/topics/doctor-visits/talking-doctor/preventing-preeclampsia-questions-doctor', 'Preguntas para el doctor: ¿Cómo prevenir la preeclampsia? ', '2020-10-08 17:13:06', 'https://health.gov/sites/default/files//styles/myhf_topics_header_image/public/2020-01/ppqd.jpg', 'Preguntas para el doctor: ¿Cómo prevenir la preeclampsia? ', 'https://health.gov/espanol/myhealthfinder/temas/consultas-doctor/charlas-doctor/preguntas-doctor-prevenir-preeclampsia'),
        (0xD96A4C90867511EBB23D8BC6AF6BD43A, 'Have a Healthy Pregnancy', '2020-10-08 18:20:09', 'https://health.gov/sites/default/files//styles/myhf_topics_header_image/public/2020-01/hhp.png', 'Have a Healthy Pregnancy', '30548', 'https://health.gov/myhealthfinder/topics/pregnancy/doctor-and-midwife-visits/have-healthy-pregnancy', 'Disfruta de un embarazo saludable ', '2020-10-08 18:20:09', 'https://health.gov/sites/default/files//styles/myhf_topics_header_image/public/2020-01/hhp.png', 'Disfruta de un embarazo saludable ', 'https://health.gov/espanol/myhealthfinder/temas/embarazo/consultas-doctor-o-partera/disfruta-embarazo-saludable'),
        (0xD96E6B40867511EBB23D8BC6AF6BD43A, 'Talk with Your Doctor About Newborn Screening', '2020-09-30 20:14:36', 'https://health.gov/sites/default/files//styles/myhf_topics_header_image/public/2020-01/twydans.jpg', 'Pregnant woman talking with health care provider', '30549', 'https://health.gov/myhealthfinder/topics/pregnancy/doctor-and-midwife-visits/talk-your-doctor-about-newborn-screening', 'Habla con el doctor sobre las pruebas de detección que necesitan los recién nacidos ', '2020-09-30 20:14:36', 'https://health.gov/sites/default/files//styles/myhf_topics_header_image/public/2020-01/twydans.jpg', 'Habla con el doctor sobre las pruebas de detección que necesitan los recién nacidos ', 'https://health.gov/espanol/myhealthfinder/temas/embarazo/consultas-doctor-o-partera/habla-doctor-pruebas-deteccion-necesitan-recien-nacidos'),
        (0xD972FF20867511EBB23D8BC6AF6BD43A, 'Breastfeed Your Baby', '2019-10-03 14:29:17', 'https://health.gov/sites/default/files//styles/myhf_topics_header_image/public/2020-01/2_0.jpg', 'Breastfeed Your Baby', '30550', 'https://health.gov/myhealthfinder/topics/pregnancy/doctor-and-midwife-visits/breastfeed-your-baby', 'Amamanta a tu bebé (dale el pecho)', '2019-10-03 14:29:17', 'https://health.gov/sites/default/files//styles/myhf_topics_header_image/public/2020-01/2_0.jpg', 'Amamanta a tu bebé (dale el pecho)', 'https://health.gov/espanol/myhealthfinder/temas/embarazo/consultas-doctor-o-partera/amamanta-tu-bebe-dale-pecho'),
        (0xDC619390867511EBB23D8BC6AF6BD43A, 'Eat Healthy While Breastfeeding: Quick tips', '2019-10-15 15:47:55', 'https://health.gov/sites/default/files//styles/myhf_topics_header_image/public/2020-01/11.jpg', 'Eat Healthy While Breastfeeding: Quick tips', '30582', 'https://health.gov/myhealthfinder/topics/pregnancy/nutrition-and-physical-activity/eat-healthy-while-breastfeeding-quick-tips', 'Consejos: Cómo comer una alimentación saludable durante la lactancia materna ', '2019-10-15 15:47:55', 'https://health.gov/sites/default/files//styles/myhf_topics_header_image/public/2020-01/11.jpg', 'Consejos: Cómo comer una alimentación saludable durante la lactancia materna ', 'https://health.gov/espanol/myhealthfinder/temas/embarazo/nutricion-actividad-fisica/consejos-comer-alimentacion-saludable-lactancia-materna'),
        (0xDC66EAC0867511EBB23D8BC6AF6BD43A, 'Eat Healthy During Pregnancy: Quick tips', '2020-02-05 17:00:48', 'https://health.gov/sites/default/files//styles/myhf_topics_header_image/public/2020-01/ehdp.png', 'Pregnant woman drinking milk', '30583', 'https://health.gov/myhealthfinder/topics/pregnancy/nutrition-and-physical-activity/eat-healthy-during-pregnancy-quick-tips', 'Consejos: Cómo comer alimentos saludables durante el embarazo ', '2020-02-05 17:00:48', 'https://health.gov/sites/default/files//styles/myhf_topics_header_image/public/2020-01/ehdp.png', 'Consejos: Cómo comer alimentos saludables durante el embarazo ', 'https://health.gov/espanol/myhealthfinder/temas/embarazo/nutricion-actividad-fisica/consejos-comer-alimentos-saludables-embarazo');

insert into saluduo.category (categoryId, categoryEnglishName, categorySpanishName)
values  (0x006983B0867611EBB23D8BC6AF6BD43A, 'Checkups for Adults', 'Adultos'),
        (0x03C7C9E0867611EBB23D8BC6AF6BD43A, 'Checkups for Children and Teens', 'Niños y adolescentes'),
        (0x070DA610867611EBB23D8BC6AF6BD43A, 'Questions for the Doctor', 'Preguntas para el doctor'),
        (0x0A2B12B0867611EBB23D8BC6AF6BD43A, 'Shopping Lists', 'Listas para llevar al mercado'),
        (0x0D2B0C40867611EBB23D8BC6AF6BD43A, 'Helping a Loved One', 'Cómo ayudar a un ser querido'),
        (0x103DA370867611EBB23D8BC6AF6BD43A, 'Helping a Loved One', 'Cómo ayudar a un ser querido'),
        (0x1318FE00867611EBB23D8BC6AF6BD43A, 'Mental Health', 'Salud mental'),
        (0x167B62E0867611EBB23D8BC6AF6BD43A, 'Healthy Relationships', 'Relaciones sanas de pareja'),
        (0x1996FAC0867611EBB23D8BC6AF6BD43A, 'Helping a Loved One', 'Cómo ayudar a un ser querido'),
        (0x1C854110867611EBB23D8BC6AF6BD43A, 'Questions for the Doctor', 'Preguntas para el doctor'),
        (0x1F99D410867611EBB23D8BC6AF6BD43A, 'Health Conditions', 'Enfermedades y problemas de salud'),
        (0x23509A80867611EBB23D8BC6AF6BD43A, 'Doctor Visits', 'Consultas con el doctor'),
        (0x275273B0867611EBB23D8BC6AF6BD43A, 'Everyday Healthy Living', 'Cómo llevar una vida sana'),
        (0x2B280CC0867611EBB23D8BC6AF6BD43A, 'Pregnancy', 'Embarazo'),
        (0xA3DE90E0867511EBB23D8BC6AF6BD43A, 'Cancer', 'Cáncer'),
        (0xA77BB4D0867511EBB23D8BC6AF6BD43A, 'Diabetes', 'Diabetes'),
        (0xAB38BCD0867511EBB23D8BC6AF6BD43A, 'Heart Health', 'La salud del corazón'),
        (0xAEF92030867511EBB23D8BC6AF6BD43A, 'HIV and Other STDs', 'La infección por el VIH y otras enfermedades de transmisión sexual'),
        (0xB26BD8C0867511EBB23D8BC6AF6BD43A, 'Mental Health and Relationships', 'Salud mental y relaciones con otras personas'),
        (0xB64394B0867511EBB23D8BC6AF6BD43A, 'Nutrition', 'Nutrición'),
        (0xB9A4C110867511EBB23D8BC6AF6BD43A, 'Obesity', 'Obesidad'),
        (0xBCE60960867511EBB23D8BC6AF6BD43A, 'Physical Activity', 'Actividad física'),
        (0xC1997F50867511EBB23D8BC6AF6BD43A, 'Regular Checkups', 'Chequeos periódicos'),
        (0xC56AF9B0867511EBB23D8BC6AF6BD43A, 'Safety', 'Precauciones de seguridad'),
        (0xC889C5E0867511EBB23D8BC6AF6BD43A, 'Screening Tests', 'Pruebas de detección'),
        (0xCC38EB30867511EBB23D8BC6AF6BD43A, 'Sexual Health', 'Salud Sexual'),
        (0xCF9EAB70867511EBB23D8BC6AF6BD43A, 'Shots (Vaccines)', 'Vacunas'),
        (0xD2E746C0867511EBB23D8BC6AF6BD43A, 'Talking with the Doctor', 'Charlas con el doctor'),
        (0xD6495D80867511EBB23D8BC6AF6BD43A, 'Doctor and Midwife Visits', 'Consultas con el doctor o la partera'),
        (0xD97A2B10867511EBB23D8BC6AF6BD43A, 'Nutrition and Physical Activity', 'Nutrición y Actividad Física'),
        (0xDC6D7A70867511EBB23D8BC6AF6BD43A, 'Breast and Ovarian Cancer', 'Cáncer de seno y ovario'),
        (0xDF6EAC80867511EBB23D8BC6AF6BD43A, 'Cervical Cancer', 'Cáncer de cuello uterino'),
        (0xE2773190867511EBB23D8BC6AF6BD43A, 'Skin Cancer', 'Cáncer de piel'),
        (0xE56DDC50867511EBB23D8BC6AF6BD43A, 'Prostate Cancer', 'Cáncer de próstata'),
        (0xE829C800867511EBB23D8BC6AF6BD43A, 'Lung Cancer', 'Cáncer de pulmón'),
        (0xEB313BA0867511EBB23D8BC6AF6BD43A, 'Colorectal Cancer', 'Cáncer colorrectal (de colon y recto)'),
        (0xEE296D00867511EBB23D8BC6AF6BD43A, 'Doctor Visits', 'Consultas con el doctor'),
        (0xF151AF10867511EBB23D8BC6AF6BD43A, 'Helping a Loved One', 'Cómo ayudar a un ser querido'),
        (0xF455A040867511EBB23D8BC6AF6BD43A, 'Doctor Visits', 'Consultas con el doctor'),
        (0xF781B2E0867511EBB23D8BC6AF6BD43A, 'Helping a Loved One', 'Cómo ayudar a un ser querido'),
        (0xFA64AE90867511EBB23D8BC6AF6BD43A, 'Shopping Lists', 'Listas para llevar al mercado'),
        (0xFD603B50867511EBB23D8BC6AF6BD43A, 'Helping a Loved One', 'Cómo ayudar a un ser querido');

insert into saluduo.profile (profileId, profileActivationToken, profileEmailAddress, profileFirstName, profileHash, profileImage, profileLastName, profileLanguage)
values  (0x296496257D4111EB84570242AC1D0002, null, 'kmayer1@cnm.edu', 'Kyle', '$argon2id$v=19$m=65536,t=3,p=1$6OH1958h9qhxfs0EfWnbdw$9sUTcxnXnfNai1m2sxP8SGZ7OQ5f8C9WMKa8vWA13Ok', null, 'Mayer', 'English'),
        (0x6B318CFC81CA11EB983B0242AC1E0002, 'c155f556c2397c696042f7a8f8e5494f', 'kylemayer5120@gmail.com', 'Testing', '$argon2id$v=19$m=65536,t=3,p=1$9kDojIS2gf0KIFZhZ7rLxQ$0wY8UeIJBTJdk/i7T0h1M1PxU8xlpDH90sXubiP3KyE', null, 'SignUp', 'Español'),
        (0x6D995DC07D4411EB9EB00242AC1D0002, '1f10a001f83d602d17db751cc49f80f1', 'blah@blah.com', 'Kyle', '$argon2id$v=19$m=65536,t=3,p=1$E2DvbtnBCsHl/guvbMdGGA$UDWSBd/u4FOVA/QKiTWbpE3vghlw9p01LGInkgNZ2/E', null, 'Mayer', 'English');

insert into saluduo.articleCategory (articleCategoryArticleId, articleCategoryCategoryId)
values  (0xA73758D0867511EBB23D8BC6AF6BD43A, 0xA3DE90E0867511EBB23D8BC6AF6BD43A),
        (0xA73D4C40867511EBB23D8BC6AF6BD43A, 0xA3DE90E0867511EBB23D8BC6AF6BD43A),
        (0xA74318A0867511EBB23D8BC6AF6BD43A, 0xA3DE90E0867511EBB23D8BC6AF6BD43A),
        (0xA747D390867511EBB23D8BC6AF6BD43A, 0xA3DE90E0867511EBB23D8BC6AF6BD43A),
        (0xA74CDCA0867511EBB23D8BC6AF6BD43A, 0xA3DE90E0867511EBB23D8BC6AF6BD43A),
        (0xA7517080867511EBB23D8BC6AF6BD43A, 0xA3DE90E0867511EBB23D8BC6AF6BD43A),
        (0xA7567990867511EBB23D8BC6AF6BD43A, 0xA3DE90E0867511EBB23D8BC6AF6BD43A),
        (0xA75B82A0867511EBB23D8BC6AF6BD43A, 0xA3DE90E0867511EBB23D8BC6AF6BD43A),
        (0xA7601680867511EBB23D8BC6AF6BD43A, 0xA3DE90E0867511EBB23D8BC6AF6BD43A),
        (0xA764F880867511EBB23D8BC6AF6BD43A, 0xA3DE90E0867511EBB23D8BC6AF6BD43A),
        (0xA769B370867511EBB23D8BC6AF6BD43A, 0xA3DE90E0867511EBB23D8BC6AF6BD43A),
        (0xA76EE390867511EBB23D8BC6AF6BD43A, 0xA3DE90E0867511EBB23D8BC6AF6BD43A),
        (0xA7737770867511EBB23D8BC6AF6BD43A, 0xA3DE90E0867511EBB23D8BC6AF6BD43A),
        (0xA7780B50867511EBB23D8BC6AF6BD43A, 0xA3DE90E0867511EBB23D8BC6AF6BD43A),
        (0xAAF57240867511EBB23D8BC6AF6BD43A, 0xA77BB4D0867511EBB23D8BC6AF6BD43A),
        (0xAAFAF080867511EBB23D8BC6AF6BD43A, 0xA77BB4D0867511EBB23D8BC6AF6BD43A),
        (0xAB006EC0867511EBB23D8BC6AF6BD43A, 0xA77BB4D0867511EBB23D8BC6AF6BD43A),
        (0xAB06D760867511EBB23D8BC6AF6BD43A, 0xA77BB4D0867511EBB23D8BC6AF6BD43A),
        (0xAB0BB960867511EBB23D8BC6AF6BD43A, 0xA77BB4D0867511EBB23D8BC6AF6BD43A),
        (0xAB1185C0867511EBB23D8BC6AF6BD43A, 0xA77BB4D0867511EBB23D8BC6AF6BD43A),
        (0xAB1667C0867511EBB23D8BC6AF6BD43A, 0xA77BB4D0867511EBB23D8BC6AF6BD43A),
        (0xAB1B70D0867511EBB23D8BC6AF6BD43A, 0xA77BB4D0867511EBB23D8BC6AF6BD43A),
        (0xAB211620867511EBB23D8BC6AF6BD43A, 0xA77BB4D0867511EBB23D8BC6AF6BD43A),
        (0xAB289030867511EBB23D8BC6AF6BD43A, 0xA77BB4D0867511EBB23D8BC6AF6BD43A),
        (0xAB2EAAB0867511EBB23D8BC6AF6BD43A, 0xA77BB4D0867511EBB23D8BC6AF6BD43A),
        (0xAB34C530867511EBB23D8BC6AF6BD43A, 0xA77BB4D0867511EBB23D8BC6AF6BD43A),
        (0xAEB7AA60867511EBB23D8BC6AF6BD43A, 0xAB38BCD0867511EBB23D8BC6AF6BD43A),
        (0xAEC0D220867511EBB23D8BC6AF6BD43A, 0xAB38BCD0867511EBB23D8BC6AF6BD43A),
        (0xAEC761D0867511EBB23D8BC6AF6BD43A, 0xAB38BCD0867511EBB23D8BC6AF6BD43A),
        (0xAECC43D0867511EBB23D8BC6AF6BD43A, 0xAB38BCD0867511EBB23D8BC6AF6BD43A),
        (0xAED19B00867511EBB23D8BC6AF6BD43A, 0xAB38BCD0867511EBB23D8BC6AF6BD43A),
        (0xAED74050867511EBB23D8BC6AF6BD43A, 0xAB38BCD0867511EBB23D8BC6AF6BD43A),
        (0xAEDD0CB0867511EBB23D8BC6AF6BD43A, 0xAB38BCD0867511EBB23D8BC6AF6BD43A),
        (0xAEE32730867511EBB23D8BC6AF6BD43A, 0xAB38BCD0867511EBB23D8BC6AF6BD43A),
        (0xAEEA0500867511EBB23D8BC6AF6BD43A, 0xAB38BCD0867511EBB23D8BC6AF6BD43A),
        (0xAEF15800867511EBB23D8BC6AF6BD43A, 0xAB38BCD0867511EBB23D8BC6AF6BD43A),
        (0xB2351150867511EBB23D8BC6AF6BD43A, 0xAEF92030867511EBB23D8BC6AF6BD43A),
        (0xB23BEF20867511EBB23D8BC6AF6BD43A, 0xAEF92030867511EBB23D8BC6AF6BD43A),
        (0xB242CCF0867511EBB23D8BC6AF6BD43A, 0xAEF92030867511EBB23D8BC6AF6BD43A),
        (0xB24E65B0867511EBB23D8BC6AF6BD43A, 0xAEF92030867511EBB23D8BC6AF6BD43A),
        (0xB2543210867511EBB23D8BC6AF6BD43A, 0xAEF92030867511EBB23D8BC6AF6BD43A),
        (0xB25AC1C0867511EBB23D8BC6AF6BD43A, 0xAEF92030867511EBB23D8BC6AF6BD43A),
        (0xB2637450867511EBB23D8BC6AF6BD43A, 0xAEF92030867511EBB23D8BC6AF6BD43A),
        (0xB5FC2B70867511EBB23D8BC6AF6BD43A, 0xB26BD8C0867511EBB23D8BC6AF6BD43A),
        (0xB601F7D0867511EBB23D8BC6AF6BD43A, 0xB26BD8C0867511EBB23D8BC6AF6BD43A),
        (0xB606D9D0867511EBB23D8BC6AF6BD43A, 0xB26BD8C0867511EBB23D8BC6AF6BD43A),
        (0xB60BBBD0867511EBB23D8BC6AF6BD43A, 0xB26BD8C0867511EBB23D8BC6AF6BD43A),
        (0xB6118830867511EBB23D8BC6AF6BD43A, 0xB26BD8C0867511EBB23D8BC6AF6BD43A),
        (0xB6175490867511EBB23D8BC6AF6BD43A, 0xB26BD8C0867511EBB23D8BC6AF6BD43A),
        (0xB61D20F0867511EBB23D8BC6AF6BD43A, 0xB26BD8C0867511EBB23D8BC6AF6BD43A),
        (0xB624C210867511EBB23D8BC6AF6BD43A, 0xB26BD8C0867511EBB23D8BC6AF6BD43A),
        (0xB62A8E70867511EBB23D8BC6AF6BD43A, 0xB26BD8C0867511EBB23D8BC6AF6BD43A),
        (0xB631BA60867511EBB23D8BC6AF6BD43A, 0xB26BD8C0867511EBB23D8BC6AF6BD43A),
        (0xB636EA80867511EBB23D8BC6AF6BD43A, 0xB26BD8C0867511EBB23D8BC6AF6BD43A),
        (0xB63E6490867511EBB23D8BC6AF6BD43A, 0xB26BD8C0867511EBB23D8BC6AF6BD43A),
        (0xB983F2A0867511EBB23D8BC6AF6BD43A, 0xB64394B0867511EBB23D8BC6AF6BD43A),
        (0xB98A3430867511EBB23D8BC6AF6BD43A, 0xB64394B0867511EBB23D8BC6AF6BD43A),
        (0xB9994F60867511EBB23D8BC6AF6BD43A, 0xB64394B0867511EBB23D8BC6AF6BD43A),
        (0xB99E5870867511EBB23D8BC6AF6BD43A, 0xB64394B0867511EBB23D8BC6AF6BD43A),
        (0xBCD91110867511EBB23D8BC6AF6BD43A, 0xB9A4C110867511EBB23D8BC6AF6BD43A),
        (0xBCDD7DE0867511EBB23D8BC6AF6BD43A, 0xB9A4C110867511EBB23D8BC6AF6BD43A),
        (0xBCE211C0867511EBB23D8BC6AF6BD43A, 0xB9A4C110867511EBB23D8BC6AF6BD43A),
        (0xC18EF800867511EBB23D8BC6AF6BD43A, 0xBCE60960867511EBB23D8BC6AF6BD43A),
        (0xC5284B60867511EBB23D8BC6AF6BD43A, 0xC1997F50867511EBB23D8BC6AF6BD43A),
        (0xC52CDF40867511EBB23D8BC6AF6BD43A, 0xC1997F50867511EBB23D8BC6AF6BD43A),
        (0xC531E850867511EBB23D8BC6AF6BD43A, 0xC1997F50867511EBB23D8BC6AF6BD43A),
        (0xC5371870867511EBB23D8BC6AF6BD43A, 0xC1997F50867511EBB23D8BC6AF6BD43A),
        (0xC53D5A00867511EBB23D8BC6AF6BD43A, 0xC1997F50867511EBB23D8BC6AF6BD43A),
        (0xC542FF50867511EBB23D8BC6AF6BD43A, 0xC1997F50867511EBB23D8BC6AF6BD43A),
        (0xC54967F0867511EBB23D8BC6AF6BD43A, 0xC1997F50867511EBB23D8BC6AF6BD43A),
        (0xC54F0D40867511EBB23D8BC6AF6BD43A, 0xC1997F50867511EBB23D8BC6AF6BD43A),
        (0xC554B290867511EBB23D8BC6AF6BD43A, 0xC1997F50867511EBB23D8BC6AF6BD43A),
        (0xC55ACD10867511EBB23D8BC6AF6BD43A, 0xC1997F50867511EBB23D8BC6AF6BD43A),
        (0xC56135B0867511EBB23D8BC6AF6BD43A, 0xC1997F50867511EBB23D8BC6AF6BD43A),
        (0xC56665D0867511EBB23D8BC6AF6BD43A, 0xC1997F50867511EBB23D8BC6AF6BD43A),
        (0xC86E4EA0867511EBB23D8BC6AF6BD43A, 0xC56AF9B0867511EBB23D8BC6AF6BD43A),
        (0xC8730990867511EBB23D8BC6AF6BD43A, 0xC56AF9B0867511EBB23D8BC6AF6BD43A),
        (0xC8792410867511EBB23D8BC6AF6BD43A, 0xC56AF9B0867511EBB23D8BC6AF6BD43A),
        (0xC87F3E90867511EBB23D8BC6AF6BD43A, 0xC56AF9B0867511EBB23D8BC6AF6BD43A),
        (0xC885A730867511EBB23D8BC6AF6BD43A, 0xC56AF9B0867511EBB23D8BC6AF6BD43A),
        (0xCBFCF3A0867511EBB23D8BC6AF6BD43A, 0xC889C5E0867511EBB23D8BC6AF6BD43A),
        (0xCC0928A0867511EBB23D8BC6AF6BD43A, 0xC889C5E0867511EBB23D8BC6AF6BD43A),
        (0xCC153690867511EBB23D8BC6AF6BD43A, 0xC889C5E0867511EBB23D8BC6AF6BD43A),
        (0xCC1F96D0867511EBB23D8BC6AF6BD43A, 0xC889C5E0867511EBB23D8BC6AF6BD43A),
        (0xCC29F710867511EBB23D8BC6AF6BD43A, 0xC889C5E0867511EBB23D8BC6AF6BD43A),
        (0xCC30ADD0867511EBB23D8BC6AF6BD43A, 0xC889C5E0867511EBB23D8BC6AF6BD43A),
        (0xCF8EA5E0867511EBB23D8BC6AF6BD43A, 0xCC38EB30867511EBB23D8BC6AF6BD43A),
        (0xD2C6ED80867511EBB23D8BC6AF6BD43A, 0xCF9EAB70867511EBB23D8BC6AF6BD43A),
        (0xD2CBA870867511EBB23D8BC6AF6BD43A, 0xCF9EAB70867511EBB23D8BC6AF6BD43A),
        (0xD2D3E5D0867511EBB23D8BC6AF6BD43A, 0xCF9EAB70867511EBB23D8BC6AF6BD43A),
        (0xD2DA2760867511EBB23D8BC6AF6BD43A, 0xCF9EAB70867511EBB23D8BC6AF6BD43A),
        (0xD2E068F0867511EBB23D8BC6AF6BD43A, 0xCF9EAB70867511EBB23D8BC6AF6BD43A),
        (0xD63DEBD0867511EBB23D8BC6AF6BD43A, 0xD2E746C0867511EBB23D8BC6AF6BD43A),
        (0xD96A4C90867511EBB23D8BC6AF6BD43A, 0xD6495D80867511EBB23D8BC6AF6BD43A),
        (0xD96E6B40867511EBB23D8BC6AF6BD43A, 0xD6495D80867511EBB23D8BC6AF6BD43A),
        (0xD972FF20867511EBB23D8BC6AF6BD43A, 0xD6495D80867511EBB23D8BC6AF6BD43A),
        (0xDC619390867511EBB23D8BC6AF6BD43A, 0xD97A2B10867511EBB23D8BC6AF6BD43A),
        (0xDC66EAC0867511EBB23D8BC6AF6BD43A, 0xD97A2B10867511EBB23D8BC6AF6BD43A);

insert into saluduo.savedArticle (savedArticleArticleId, savedArticleProfileId)
values  (0xA7567990867511EBB23D8BC6AF6BD43A, 0x296496257D4111EB84570242AC1D0002),
        (0xAB006EC0867511EBB23D8BC6AF6BD43A, 0x296496257D4111EB84570242AC1D0002),
        (0xAB1B70D0867511EBB23D8BC6AF6BD43A, 0x296496257D4111EB84570242AC1D0002);